Mixture,B cells naive,B cells memory,Plasma cells,T cells CD8,T cells CD4 naive,T cells CD4 memory resting,T cells CD4 memory activated,T cells follicular helper,T cells regulatory (Tregs),T cells gamma delta,NK cells resting,NK cells activated,Monocytes,Macrophages M0,Macrophages M1,Macrophages M2,Dendritic cells resting,Dendritic cells activated,Mast cells resting,Mast cells activated,Eosinophils,Neutrophils,P-value,Correlation,RMSE,Absolute score (sig.score)
LIB-04579,0.0666698471737908,0.0637563447248648,0.2337062379105,0.206922915706959,0,0.0425241909544117,0.00605403824899927,0.182854394074321,0.00653460453997043,0,0,0.0984395907170167,0.0163530377406199,0.0320561101851668,0.133896396066504,0.371591734785848,0,0.00448187841356626,0.0717346937339525,0.00924161437779091,0,0.0288479997387384,0,0.450160441977763,0.89216699350884,1.57566562909302
LIB-03316,0,0.147313560533985,0.226020365623105,0.197273350638989,0,0,0,0.163507887835353,0.045966191653678,0,0,0.163734376290802,0.0248193529810463,0.324666761858945,0.0475230768234796,0.345556507909379,0,0,0.0203670929728044,0.0424371946949781,0,0.0160957449225232,0,0.361587500000607,0.935454364662156,1.76528146473907
LIB-008191,0.0311201986405428,0.104862529443076,0.198292859288596,0.196723198208287,0,0.0429190263218978,0.0703849639428193,0.211286709864192,0.0183651818229514,0,0,0.15079913438307,0.0310145831764142,0.223282540007951,0.150391128406252,0.315734723464187,0,0.0807283900122676,0,0.114750405653771,0,0.00411477489625898,0,0.387729077898403,0.921223852512,1.94477034753253
LIB-03323,0,0.184237454240077,0.131939502767945,0.349958755189102,0,0,0.0105215246969638,0.274092212504514,0.0447457262464055,0,0,0.286227079809141,0.106685634327711,0,0.182367960377787,0.539903261096162,0.036018877268365,0,0.091714405036796,0,0,0.00423582223519512,0,0.429841030432987,0.902103941678225,2.24264821579616
LIB-04651,0,0.0896571258397171,0.0287160875247805,0.112144856532753,0.0227605573292317,0.00596162856100107,0,0.123693964374293,0.00524632756522053,0,0,0.0865810345479743,0.0295359320328807,0,0.01985921884085,0.313035663128702,0.0469449276459607,0.0249632624680773,0.320488056207528,0,0,0.0198129213439445,0,0.575805290337093,0.836323513675787,1.24940156394291
LIB-008187,0.0131745793039335,0.0108633349901422,0.0642304957886022,0.0474852009749796,0,0.0411555042881187,0.00285928712934752,0.0963428849112363,0.00642108036771528,0,0.00548574985724944,0.0457713193824388,0.0392742015495106,0.0199179476896614,0.0581246840529188,0.217176551760446,0,0.0800418598595128,0,0.358894916996422,0,0.0824470594182612,0,0.536479512984849,0.848290797013443,1.1896666583205
LIB-03335,0.0256543699617892,0.0235418073821859,0.0557519069835497,0.0868712916959193,0,0.0837759142553602,0,0.0884182147167225,0.0322841737430785,0,0,0.0766718471024812,0.00548204164668031,0.0502134730072036,0.0631075611772889,0.384322518027727,0,0,0.0853837623868691,0,0,0.00218811225715799,0,0.708238926130206,0.768656027806717,1.06366699434401
LIB-04598,0.0197290916937744,0.0696911290423805,0.0932672835295955,0.203946895832957,0,0.0244484931100337,0,0.126756920847978,0.00327474807072986,0.0125260370978652,0,0.0684097178347739,0.0254185062851065,0,0.0508009120993717,0.407070041287774,0.0110488658440221,0,0.206358192036475,0,0,0.0245682058014051,0,0.609042694944002,0.821777776211367,1.34731504041424
LIB-04647,0.0302248153830972,0.0976872461986824,0.112660758023538,0.281075155120812,0,0,0,0.214241805249761,0.0894712824199211,0,0,0.128886127289306,0.0106922937141466,0.0155746555986337,0.060872594801647,0.235464706259754,0.0291571086448986,0.0177602115560314,0.0573645023709903,0,0,0.0104742605462983,0,0.460649422944731,0.886898616454902,1.39160752317752
LIB-04617,0.0519579401026806,0.0895822558761884,0.0679262646682203,0.100219613865992,0.057144746132976,0.0930740822356049,0.013446609113117,0.0253284733338935,0,0.0130768716509789,0.0886575793673688,0.034671669526573,0.0746349756511551,0,0.0240716959223675,0.371443760623389,0,0.0400166582099118,0.0851423884949273,0,0,0.0708521031261592,0,0.665264546333937,0.794675818340214,1.3012476879015
LIB-008204,0.00444966989514399,0.193333137484507,0.237313657404052,0.281481831767845,0,0,0,0.173408164733402,0.0605227201156042,0,0,0.127774424292148,0.0294174147529737,0,0.0116441121183607,0.524057240272911,0.00319467294773238,0.00737857119639588,0.257175521199266,0,0,0,0,0.430563332340353,0.901879612422267,1.91115113818034
LIB-006810,0.0224023707094759,0.0547509388228187,0.123327546129547,0.0410462037528277,0,0.120202864369057,0,0.0621605311696083,0,0,0.0318496923130131,0.118376872373221,0.104222408265564,0,0.0150460796086516,0.836685450852967,0.00875450095613188,0.0113931163519219,0.0368526719556193,0,0,0.0113622941564192,0,0.410333660471915,0.912298397708044,1.59843354178684
LIB-008203,0.0572968227590114,0,0.101636544852989,0.193040281826181,0,0.0500094953778269,0,0.108345161497769,0,0,0,0.0797529391717466,0.146878377450859,0,0.0193264276771433,0.364017677518654,0,0.0399100578129357,0,0.0981184883353322,0,0.0605470570610991,0,0.452694315963146,0.892614885850509,1.31887933134155
LIB-04625,0,0.0928659329532008,0.0216968238682425,0.110073139943383,0.00227613440155426,0,0,0.0440342820605949,0,0,0.0337520152300318,0.0503882555002112,0.025284749623499,0.0703606845685573,0.00792120382180962,0.617881002403203,0,0.00437243756681215,0.0806116469374087,0.00482594729019372,0,0.0119654783710276,0,0.777389503023805,0.707269976992394,1.17830973453973
LIB-04610,0.0192143470574851,0.0594994458933202,0.10397080199906,0.105827742620849,0,0,0,0.0864935709949089,0.00865509182350869,0,0.0601959804552329,0,0.0189797281634879,0.0665138159078509,0.0122647074229006,0.201565990947856,0,0.012971692709097,0.026896019183407,0.0211977906968284,0,0.00857872984449106,0,0.423160970226891,0.905268688948245,0.812825455720283
LIB-04606,0.0744407547586474,0,0.263338837762027,0.0885127707515761,0,0.118230953132992,0,0.11459919911338,0,0,0.0110694855748883,0.030586933997782,0.0129529297733373,0,0.0143267237308176,0.356354636900853,0,0.00227104146013516,0,0.0401231059454821,0,0,0,0.534364985022585,0.845120467167062,1.12680737290192
LIB-03332,0.0242570158092909,0.126479971559741,0.0953674227765017,0.171330811798537,0,0.104898881244848,0,0.221106365642757,0.030794294138804,0,0,0.122139965111745,0.0348596723104465,0.354582333907163,0.250235462144603,0.702436291357322,0,0.100705697708553,0,0.1424678955939,0,0.00681181842216704,0,0.304977423595151,0.959583363906187,2.48847389952638
LIB-008177,0.00279187875482733,0.0813952000300883,0.0327351525903462,0.122034771811539,0,0.136266192625885,0,0.0717340579701956,0.0223672543907472,0,0,0.102577641942276,0.0363064400380391,0,0.0971869714728722,0.513404476837051,0.0322320750585209,0.00154913293056773,0.10203260237445,0.00793075446988306,0,0,0,0.690396041617504,0.779178265423235,1.36254460329729
LIB-008180,0.0756436008989595,0.0406107298415253,0.12264948927178,0.145514698241499,0,0.0428318313937208,0,0.115399908070531,0.00726953395151533,0,0,0.0994262610136708,0.0432354317275825,0.122606118867869,0.112168120644173,0.382858731361241,0,0,0.121793056567755,0,0,0.0175203788278033,0,0.40692928904229,0.912630659821291,1.44952789067963
LIB-03324,0.156771114758237,0,0.27821192403532,0.252629887595879,0,0.0639840626541868,0,0.135771785069805,0.0461865121632402,0,0.0401640431486019,0.123246347185648,0,0.19824947991517,0.0779628394451141,0.635238769627863,0,0.00581778110735358,0.0523270591563397,0,0,0.00921848016716623,0,0.480237452987548,0.877243965493164,2.07578008602992
LIB-04611,0.0173476520522503,0.0267704357129715,0.0754377321453988,0.048364734633268,0,0.0226120885878813,0,0.0685995795726217,0,0,0.0111434373049001,0.0199679752508224,0.0283979699423078,0.12652286262515,0.0365994745322881,0.488972607922224,0,0,0.0313470652673009,0,0,0.00343588539445816,0,0.789351377884444,0.691513594655644,1.00551950094384
LIB-007617,0.00453915710168086,0.0657353045827276,0.0729734135831098,0.0695718579949716,0,0,0.00664720784369081,0.0686564795807253,0,0.00682213334653238,0.0198647436779778,0.0100232195384689,0.0132477001880505,0.147161411747205,0.0447237046179765,0.366020311895771,0.0173629705076676,0,0.172247090698705,0,0,0.00576012340203847,0,0.5438992071623,0.847761128295033,1.0913568303073
LIB-006811,0.133769089827253,0,0.17977461726418,0.108470080822093,0,0,0,0.0882725637278081,0,0,0.0365832281185118,0.0579340430803496,0.0063609353078159,0.13815995327011,0.0224399302064638,0.45170872230962,0,0,0.0534226813272393,0.013069234989943,0,0.0170624115020766,0,0.494548262793225,0.869356417895665,1.30702749175347
LIB-007622,0,0.0964148728163969,0.0444036176175231,0.290038732677087,0,0,0.00480620553116993,0.1668000775364,0.02501343851958,0,0,0.041345902012581,0.0416760976523724,0.0673395250097555,0.0374414984183836,0.480482616760757,0.00427800572845639,0.0164083855409431,0.179542795244142,0,0,0.00255062987879183,0,0.422028039969818,0.906369995144725,1.49854240094434
LIB-04624,0.191479535345157,0.247101567407375,0.16146183032358,0.347557749142226,0,0.196937376778225,0,0.244354721335311,0.0210570716217431,0,0,0.285800140202475,0.0357514097277294,0.371925047769324,0.211311321561535,0.890174912257669,0,0,0,0.176364691516667,0,0.0967510154901422,0,0.427315524635891,0.903321219675214,3.47802839047916
LIB-008202,0.0434988381799195,0.0350034003107688,0.0658595978370853,0.0834992585436998,0,0.0725539875599213,0,0.075713204465012,0.0130831998968824,0.0104320828065879,0,0.0332421270849993,0,0.17415181093093,0.0538222668163323,0.547596801490926,0,0,0.0863065757148384,0,0,0.000143431809910696,0,0.463172483109427,0.886162199160801,1.29490658344781
LIB-006807,0,0.104121178002843,0.289596439409142,0.262438563334293,0.0266867077037959,0,0,0.0990878307469057,0.00996963898334748,0,0.176151414263342,0.138179620494827,0.0539439700615156,0.077763550667997,0.0255615342901558,0.772165357838446,0.00356046516883161,0,0.000592425342151633,0.0268379821895033,0,0.0197376917645669,0,0.187652555659921,1.01639005281959,2.08639437026166
LIB-008181,0.10245660056897,0,0.170098251047778,0.127478844951785,0,0.0943961363208719,0,0.126405406435516,0,0,0.00202453463477863,0.06262758577832,0.0503163340019746,0.145799482995318,0.106757427526045,0.374629271090349,9.02111039328977e-05,0,0.114757402468913,0,0,0.0161296690018925,0,0.445095368039012,0.89533950065094,1.49396715792644
LIB-03333,0.0120816248297993,0.0205682918065352,0.0663813402818037,0.04041036045724,0,0,0,0.0783388119102085,0.0172698382473765,0,0.00530492089077291,0.0461227515774219,0,0.0550811830291154,0.0410422836155422,0.475239527038491,0,0.0177864420848113,0.0132549720799577,0.00702496264042186,0,0.00409295131713708,0,0.304797581315356,0.964514014512008,0.900000261806635
LIB-04592,0.00880664422891041,0.0414886525175611,0.0278171818992577,0.0576565399622289,0,0.0134921722653287,0,0.0683456379418111,0,0,0.0291530248565509,0.0121426501271947,0.0111664675104484,0.0132410647203628,0.0244497167739438,0.225254403107831,0.00467702701319669,0.00167502434691722,0.0353513167027877,0,0.00123646150790598,0.00160007408562488,0,0.464131935166216,0.887130876489321,0.577554059567862
LIB-008197,0.0723274218726994,0.0276945348793119,0.211829974180958,0.30878105775045,0,0.101880218398947,0,0.161625445403949,0.0391726911517425,0.063099369660016,0,0.108886763377308,0.00241167461977931,0,0.0786175373023465,0.298727276529166,0.0178909971483094,0.0333620092051217,0.0858460764745582,0,0,0.00141494956819537,0,0.448560489635158,0.89288782226856,1.61356799752286
LIB-04584,0.0538530286316847,0,0.0484408659757619,0.0415032359193536,0,0.00116957995649752,0,0.0611935678152057,0,0.00270934704410473,0.0177779469739941,0.0258785319245926,0.0392256205869719,0.137645449576335,0.0101455273117994,0.424939291197106,0,0,0,0.0361641311265031,0,0.000264913236817208,0,0.711496629707263,0.739378142420053,0.900911037276727
LIB-03325,0,0.061037104204879,0.0664507604199839,0.050192130495394,0,0.025805299304195,0,0.149125117185159,0,0,0.0434229709067048,0.0704972149911007,0.0793761658043675,0.0922659792908195,0.0276475877168079,0.0721573381625162,0.00465903681082679,0.0478203045451177,0,0.262213982980077,0,0.0446336732901003,0,0.488267698302332,0.874850419805949,1.09730466610805
LIB-04657,0.0962540918167422,0,0.146707096226924,0.0499297574794736,0,0.0449235773960346,0,0.0983062130918168,0,0,0.0115894032586832,0.0355005683517831,0.0225728397482796,0,0.0332360980098096,0.290758998439533,0.00235050477401066,0.039614579520864,0.103146473946146,0,0,0.0137262297874587,0,0.529426443081647,0.853973565878431,0.988616431847559
LIB-03329,0,0.172397295464001,0.144762521639124,0.370402507571254,0,0.450142398769162,0,0.134404648124949,0.0446403799524082,0,0,0.183199189639215,0.175193313104211,0.300038747953611,0.179103041259477,1.36183004974407,0.0434436186053716,0,0.10172337022006,0,0,0,0,0.430522263213177,0.902143486993916,3.66128108204692
LIB-03322,0.0615689620513012,0,0.330788992728408,0.0884366301048631,0,0.026997631610858,0,0.105711709121714,0.00894778939456486,0,0.0228883569214531,0.0366229972347957,0.0157587385279467,0.013760730353428,0.0424874052002925,0.302762197171673,0,0.00721684987646965,0.232740161389689,0,0,0.0112505945108522,0,0.542460678458129,0.840493097772331,1.30793974619831
LIB-04650,0.0523413550014079,0.267289591453187,0.180082027519577,0.397646236376514,0,0,0,0.289484017374628,0.0909442679513147,0,0,0.277751124052397,0.0500351865906855,0.0386479750958977,0.142725612147719,0.483288836574136,0,0.0237551178817463,0.0699345655094184,0,0,0.0152659083190489,0,0.428240440612104,0.902867633847775,2.37919182184768
LIB-03317,0.0379502179773034,0.144718070494096,0.114743325313463,0.105077546838188,0,0.103375125656592,0,0.0841853693606295,0.020528310939964,0,0,0.0870858141354025,0.0362627779284905,0.185841674167498,0.0536436163013028,0.513137470952917,0,0,0.104398407232775,0,0,0,0,0.56205261061504,0.839063001317816,1.59094772729862
LIB-008190,0.0426711128942469,0.00567583097329223,0.0918178219892451,0.0831276875578045,0,0.00471371821290298,0,0.0973874462659473,0.00623030835914751,0,0.00474572433009041,0.0357625595822354,0.00756863449447504,0.108617926326179,0.0404727762839684,0.420485371927886,0,0,0.0644653996999165,0,0,0.00208943919580622,0,0.355044101054647,0.937714557822891,1.01583175809314
LIB-03334,0.0427081247640168,0.180635022279828,0.494856204192633,0.324029516627079,0,0.149859554379789,0.0273557227140032,0.38496561454945,0.0677860941003362,0,0,0.259362825729336,0.0482209765300132,0.108419739841503,0.214846676045229,1.05968097256815,0.00454175211903864,0,0.105622799448331,0,0,0.0268165545939655,0,0.355357545205889,0.936868059338113,3.4997081504827
LIB-008186,0.0669645877631617,0.233888683856743,0.768714234000305,0.258303486706496,0,0.0958801615423781,0,0.318407803861753,0.0755637095962715,0.0630364405461854,0,0.190009167458947,0.00461360465786099,0.102180318294287,0.148114889325943,0.739396249192699,0,0.0287279218383848,0.226554886729806,0,0,0,0,0.443082879234595,0.897317734379805,3.32035614537122
LIB-008205,0.0217737113478617,0.471232292573245,0.030863095024282,0.295554921892283,0,0,0,0.234539302556485,0,0.0983697723320071,0,0.167402417867765,0.0244217960285745,0,0.107446825708413,0.35781307857565,0,0.00522622655019576,0.061914006881956,0,0,0,0,0.515970618889382,0.85729288490225,1.87655744733872
LIB-04605,0.0369606820183343,0.00873430504779691,0.050255345637688,0.0384318356279546,0,0.0432212397488219,0,0.0337573814321946,0,0.0035847308704307,0.00990021249283566,0.0233085123179131,0.02362706879502,0.0847609064124277,0.0416346856125774,0.305899172561252,0,0.0127811370254374,0.127260163457338,0,0,0.0148501718035592,0,0.540351242605008,0.850567654677158,0.858967550861581
LIB-006805,0,0.065045938761792,0.0299289309530984,0.0970250618731449,0,0,0,0.0906234543857586,0,0,0.0423337436976496,0.00185884986024133,0.0230179153131109,0.0170188915196715,0.0184150579419135,0.365152216148808,0.00582500495071175,0,0.0727916224999723,0,0,0.00941055113492227,0,0.678442474119906,0.78167580560795,0.838447239040795
LIB-04613,0.0521032797143102,0.0221832408108007,0.205915851640469,0.219096420081061,0,0,0.001573226782577,0.131286819755814,0.00673537506227517,0,0.0075623582904078,0.0411343735949727,0.0241968168281576,0,0.0901699233513626,0.88150752376433,0,0,0.0476803567850364,0.00864211970418301,0,0,0,0.34095351506122,0.945655431935925,1.73978768616576
LIB-007619,0.0108170210515596,0.0653436408028484,0.271273099641427,0.255521030310847,0,0,0,0.13920055307229,0.0206307767184264,0,0,0.11575223095402,0,0.140956464632967,0.0602375984207955,0.465459178418738,0,0,0.0299343254595405,0,0,0.014017858608027,0,0.401963244185417,0.916462876889067,1.58914377809148
LIB-007620,0.0152985163775914,0.052382756850096,0.0848761273750017,0.144187564896254,0,0,0,0.0971805230225159,0.0174693114849572,0,0,0.110491394421868,0.0932109581993231,0.554793870291718,0.0377790400715839,0.692107888823394,0,0,0,0.208642318541107,0,0.023686165965526,0,0.680546160026741,0.757285396534995,2.13210643632094
LIB-008200,0.184722688726802,0.33143513160987,0.498649202173427,0.790040593401199,0,0,0.0819599159948971,0.433389056700424,0.00398364496897939,0,0,0.494093451047996,0.0513500548344446,0.004789883257211,0.411332712866289,0.766456688061332,0,0.0497453211393785,0.0977752918890879,0,0,0.0153210190125961,0,0.392621836722963,0.921525526432481,4.21504465568393
LIB-008199,0.043694752579868,0.0119042755488051,0.0371012943152177,0.111852252464284,0,0.0413690611294355,0,0.0909971703427855,0.012035902368683,0,0,0.0452966236955125,0.00149332548950777,0.097270708340247,0.0503830399764521,0.386766369373558,0,0.00449608555120391,0.0742473110257377,0,0,0.0169495563801196,0,0.572095384761007,0.834641735013242,1.02585772858142
LIB-008195,0.0469103659097673,0,0.0793139063198277,0.125837897735571,0,0.0108460390765441,0,0.102435862815966,0.0144642170149263,0.00232572737130789,0,0.0274543923681909,0.0168456285209029,0.0447586748101249,0.0528989538998496,0.244406518691982,0.00414678600360226,0,0.0129401652626237,0.0064327707524879,0,0,0,0.396107468085093,0.917738993538387,0.792017906553675
LIB-03327,0.00650563251007422,0.0215370039311835,0.113817537170184,0.159882622262365,0,0.207050184947944,0,0.188884994255946,0.0016856177036353,0,0.00680889176704264,0.0790743094738022,0.0192691240514152,0.0909609580923204,0.134371248681473,0.56958415728442,0,0,0,0.0294081165564947,0,0.0355414944386368,0,0.428974680186594,0.902553879362121,1.66438189312694
LIB-04586,0.0105275026070145,0.0626248575863078,0.0393198513283535,0.0949492625719652,0,0.0444067728389,0,0.107071045765234,0.0148380898040717,0,0,0.0540336707232114,0.00296216410764371,0.0606326166381224,0.0648398034088206,0.329490816512314,0.00749959616180647,0,0.0580370837688662,0,0,0.0103932282461487,0,0.606102768587905,0.819805361753639,0.961626362068781
LIB-04659,0.00312512522436454,0.0841910715594213,0.0791452080660566,0.0571792492864919,0,0.0366695758986513,0,0.0610702941869047,0,0,0.0321141592116052,0.0223106170056943,0.00377472717892002,0.142886584707129,0.0254942983600481,0.44722373419939,0,0.0330556816695171,0.0578734074546094,0.00356369187735397,0,0.00398330105728238,0,0.667973202274238,0.777856994339225,1.09366072694344
LIB-04655,0.0642359985199471,0.078959868900087,0.137963842185057,0.199828157873027,0,0.000659548065885502,0,0.152272587896535,0.108497215984562,0,0,0.154576078390054,0.0280790067430473,0.0438181226835933,0.0570386952205026,0.459917742498668,0.0192125809193513,0,0.159611707293277,0,0,0.0119049124856115,0,0.60008986070614,0.823136935642665,1.67657606565921
LIB-008183,0.0253467077696792,0.0275158448861131,0.180661088362177,0.0870727868027112,0.00131799573657212,0,0,0.0352877884034574,0.00608871386751038,0.0121039101389834,0.0117546250576023,0.0423991152084334,0.0163903521743413,0.0966966657173703,0.0381683202699948,0.445568979207621,0,0,0.0486498192830312,0,0,0.0168834841025319,0,0.663861602539261,0.772850298773911,1.09190619698813
LIB-03331,0.0419400213297609,0.0845072589435377,0.0977264701980741,0.152853720496806,0.00305748264731598,0.0217734448817657,0,0.121329547785872,0.0180543398287201,0,0,0.0929730506457289,0.0385747403514099,0.00659442456151398,0.0939823526519684,0.423750065987177,0.00663636131163479,0,0.369972112865078,0,0,0.011283890281006,0,0.70276090082951,0.772530865042086,1.58500928476737
LIB-008178,0.0224302029819488,0.0668670729173502,0.0745648282409358,0.058374180575164,0,0,0,0.0767447789877381,0,0,0.0159969878952238,0.0150564952676865,0.000412797354635438,0.0894515921625717,0.0335830168622295,0.146085568900204,0,0,0.0232793487498889,0.00821151038301998,0,0.0114915962886428,0,0.510437087077414,0.861961929444779,0.64254997756724
LIB-04643,0.0401415867493165,0.0810111276843922,0.11132700378243,0.151140828190959,0,0.0890723645109214,0.00767069621446121,0.0891577912294217,0.0405849951266806,0,0,0.0640170544795287,0.0355177709952672,0,0.0725925712636318,0.354253497450808,0.00624180989124429,0,0.0856453478974725,0,0,0,0,0.724576278321208,0.758474605201307,1.22837444546654
LIB-04648,0,0.205786464639154,0.0542097158822672,0.131641160845294,0,0,0,0.104902184905267,0,0.00521748550208272,0,0.0982170330249452,0.06980068633771,0.0475527222426998,0.0248646816013149,0.0843530566607995,0.0177333944562635,0.0161252610032759,0,0.154705473655696,0.00448301468236092,0.037021748052994,0,0.492373957846118,0.872439955849829,1.05661408349212
LIB-04644,0.0812076257411803,0.0123807189311507,0.0715517143238739,0.129795035261566,0,0.103940151582148,0,0.104198861870151,0.00175356486639642,0.00516511329580686,0,0.0208078011887084,0.0200521879394638,0.0735261848123,0.0531947029408566,0.242370864942474,0,0,0.0258450749612528,0,0,0.00497780993090704,0,0.426998160293474,0.903458960264474,0.950767412588236
LIB-008184,0.0536201431907571,0.0159178931374344,0.0336690088042848,0.235383423716395,0,0.0164868810818364,0.00731385698282775,0.0933890338391159,0,0,0.292219566334635,0.0367068346877364,0.128369789129363,0,0.0499084600728048,0.438758963649943,0,0.00731355243345612,0.024691689621569,9.25332532187241e-06,0,0.0419158870512888,0,0.575838448736309,0.826725468913607,1.47567423705877
LIB-03320,0.0835661971065998,0.0485573221762152,0.327187332528368,0.0905522853182058,0,0.00347950792307966,0,0.0975779162215706,0,0,0,0.0955793268018579,0.0206167255905558,0.120262871935424,0.102382195499901,0.584694552155995,0,0.000936412949689222,0.0489713517942164,0.00384243297352861,0,0,0,0.505331571231882,0.862301197083742,1.62820643097521
LIB-04581,0.0790854083299471,0.0438534276115607,0.0930293508571631,0.304795286260701,0,0,0.0137556945412681,0.245683553772033,0.00579914719453043,0,0,0.17158053145302,0.0574024675296862,0,0.109081687360411,0.435865260914429,0.00159055308267557,0,0.0385867306679754,0,0,0,0,0.355042795668638,0.936796277750061,1.6001090995754
LIB-04652,0.0635539428366106,0.00739901684715719,0.19272087087746,0.185038973914989,0,0.0247087222081277,0.00121836557633673,0.121311022274966,0.016165863588636,0,0.00994987468332214,0.0366150039566247,0.023970170207721,0.0533018947577193,0.0807642118886118,0.388079314044974,0.00540718603628705,0,0.0571037411171403,0.00429497610447702,0,0.00399102924378488,0,0.448254956368274,0.893227028791663,1.27559418016494
LIB-03319,0.137465086623402,0.216390102962169,0.0961699540262582,0.192413987985365,0,0,0,0.118384845741236,0.0649974700240148,0,0,0.107639284232806,0.0860774010264611,0.0207189783444693,0.0229303522906583,0.523317907869388,0.0220465369214825,0.018902280523805,0.0614041103940863,0,0,0.0248811399423344,0,0.660186578565448,0.785235124991819,1.71373943890794
LIB-008192,0,0.0888759512141089,0.0233096295892329,0.0887835521644207,0.00786328289104347,0,0.000388426368555763,0.0791950411598259,0.0106939272407419,0.0179425754341616,0,0.0286615321499914,0.00878864947103782,0.050881023012359,0.0386643360240128,0.593330474977358,0.0447231944206161,0,0.128888395634545,0,0,0.0168678581839833,0,0.686144203605703,0.770612459193609,1.22785784993599
LIB-006814,0.10513354292255,0.362797927581984,0.160481593093775,0.170963814445728,0,0.042402673163661,0,0.169994023328793,0.0123665010067839,0,0,0.0832994771262376,0.0285815853960731,0.180715450020413,0.0349731238492323,0.457313288421964,0,0,0.000905430882379695,0.0895479332789866,0,0.00249160244621127,0,0.629020589455088,0.794162020156779,1.90196796696477
LIB-04614,0.0686512983550606,0.00739044192961164,0.127046080528837,0.107202775393909,0,0,0.000183542336243933,0.0934829643296676,0,0,0.0557152566155022,0.0168336622211229,0.0256371894186149,0.0702833834903179,0.0466610735479224,0.541096226343953,0.00261928347574197,0,0.0536542123144249,0,0.00397508222389039,0.0091121825608868,0,0.21637836374758,1.00007872711272,1.22954465508571
LIB-04618,0.00902739252702424,0.138935523363157,0.103848930966557,0.127780126863009,0,0.213120328210888,0,0.140621741425425,0,0,0.0309406974629132,0.0671097261425446,0.0370303228625692,0.0140767480602396,0.0517910682744522,0.440112210444631,0.00606285004481166,0,0.358662401404935,0,0,0.00347013223457499,0,0.537477142202157,0.854861906031808,1.74259020028773
LIB-008189,0.04390227638284,0.0305398580942066,0.0908131920958373,0.206716155151083,0,0.0243476273603514,0,0.149424211111575,0,0,0,0.0939518709718678,0.0388521165688028,0,0.0596314337712806,0.477122006324686,0.00199293156218737,0.026710492904759,0.0403287422448488,0,0,0.00421189839075994,0,0.393200384889639,0.91881921360331,1.28854481293509
LIB-008185,0.0103676822680993,0.0304098450829462,0.0247586368246532,0.0555766470291614,0,0.0414281770260006,0,0.0401277388151463,0,0.01394685498119,0.00148934437193948,0.0419583567066771,0.0124877287936388,0.563591522315594,0.0386959249987619,0.68856303874777,0,0,0.039730044574265,0,0,0.0167762540313282,0,0.872828700698012,0.572593409567776,1.61990779656717
LIB-04649,0.0236324595332739,0.0980291643118367,0.084432555906468,0.188390852497605,0,0.0457443224134864,0,0.100384761776445,0.0524849221239172,0,0,0.120092546253291,0.0262362768270792,0,0.0862005966078584,0.388060732795828,0.00959814952645987,0,0.0741516502100254,0,0,0.00691747161184823,0,0.372847548454478,0.927724213351259,1.30435646239542
LIB-04645,0.0105614241584923,0.0191693601379271,0.0183112127881356,0.0898722929175607,0.021107674634868,0,0,0.145706378611624,0.0232453468068138,0,0.0114568057509367,0.037402128997868,0.0388171371220206,0.0121128432651202,0.043354874774807,0.169062511066802,0.0308625559473516,0.0403074271491312,0,0.33372362618247,0,0.121172173130067,0,0.629463844844148,0.799651662294481,1.166245773442
LIB-03318,0.0590886089002408,0.00529351669819493,0.0231831124488722,0.0755019192514747,0,0,0,0.143098897361587,0.00264687170065761,0,0.0286195663878732,0.0479174623077571,0.0178273476395921,0.269021985582997,0.0232971028478382,0.473450923144488,0,0,0.0254127903470383,0.0100573531460837,0,0,0,0.714604629391632,0.738465505416108,1.20441745776469
LIB-008193,0,0.0602916209540473,0.0244004808038844,0.116536408958872,0.00191751508261153,0,0.00382000569030382,0.0464929288228012,0,0,0.0144887816769338,0.079196359458397,0.0265657545422797,0.0190299926838065,0.0162784229286643,0.306581563101049,0,0.00624852327035588,0.0617759755085483,0,0,0,0,0.648823816572691,0.796045474345142,0.783624333482555
LIB-03321,0.0424586051183215,0.0370799162642191,0.217382079693614,0.0758990320561038,0,0.0324249956922851,0,0.070950852292599,0,0,0.0258685412103061,0.0100493458948883,0.0208519339676244,0.0284467788123096,0.0220731892340924,0.306394581913678,0,0,0.110438553492602,0,0,0.0101999565281679,0,0.329686738220813,0.954844739629987,1.01051836217081
LIB-04580,0.0375780820920589,0.0860466909814205,0.176832468110974,0.165501629282456,0,0,0.00295822208535688,0.143581206797159,0.00881555794404834,0,0,0.0819740067875868,0.0183656346388489,0.0186104725524133,0.0682738554592267,0.481110839934607,0,0.00966343754572808,0.0211615483680296,0,0,0.00840701826945173,0,0.514273000394839,0.859964094754692,1.32888067084937
LIB-04653,0.0148376448839006,0.0186420867450767,0.254820616280087,0.0685485085319947,0,0.0259512423654538,0.00437828775140788,0.0530112043984207,0,0,0.0351726459404859,0.0281497614915726,0.0352551511495466,0.0360877768243109,0.0143059732176276,0.182603131882396,0.0063835948326827,0,0.0668629138626857,0,0,0.0146378767774011,0,0.552526071882966,0.832951487595275,0.85964841693505
LIB-04615,0.0077822625632207,0.0283797854011724,0.205570857218976,0.0229468943641097,0,0.0760426489320007,0,0.111879748345462,0,0,0,0.068529988254195,0.0163670077728464,0,0.0336628955722247,0.43761376751964,0,0.0532169381645645,0.035686269829575,0,0,0.00742860928983257,0,0.552407401850875,0.83901461746044,1.10510767322782
LIB-006815,0.0696352824768827,0,0.13905848060918,0.142162838132756,0.0223405139809247,0,0.0247973986260776,0.0626154389069863,0.00875198889439281,0,0.0441051934058217,0,0.00925213186463913,0.19161441923407,0.0478626241602628,0.369593478910549,0,0,0.0703314877927877,0,0,0.00017135949193146,0,0.58067697397157,0.826829873650066,1.20229263648726
LIB-006803,0.0457326942923931,0.0437315565211636,0.127727862171394,0.169243128742876,0,0,0,0.112502594380913,0,0,0.0714289411983127,0.0513278866317576,0.0633011820636056,0,0.0431038614616548,0.925405257851493,0.00101353287460119,0,0.253157845719173,0.0125585795667681,1.15666444730375e-05,0.0116586841711337,0,0.0737837956200484,1.05569368349445,1.93190517429171
LIB-006804,0,0.0782839313739312,0.0969769492602637,0.155629947927902,0.00157354711097954,0,0.0697187674396543,0.0744230982437839,0,0,0.0324220045809632,0.105762485805527,0.0374840364521896,0,0.0298169350417146,0.384185548165525,0.0153179604848248,0.00706775001884253,0.173133166749097,0,0,0.0331881699785732,0,0.542766909524414,0.853866916043935,1.29498429863377
LIB-007621,0,0.0658416120090439,0.118516762832309,0.247496918367534,0,0,0,0.0971269927364352,0.00455795995181483,0,0.0102066564086758,0.048245322750798,0.021052141529001,0.0469902624087706,0.0301971637406508,0.672860479744717,0,0,0.0342398448795097,0.0174297444480508,0,0.0110522421154585,0,0.66686228382361,0.779454884079519,1.42581410392277
LIB-04627,0.200081945796866,0,0.270169156105791,0.246883825178689,0,0,0,0.108914175008033,0.0123956174543568,0,0,0.0615229625188633,0.0121555383591761,0.173243125711733,0.0811729578337747,0.351951361864763,0,0,0.115550944643134,0.0288345787719115,0,0,0,0.510067852468017,0.860818114315921,1.66287618924709
LIB-008201,0.0246303368654993,0.116484431691426,0.196828219829348,0.48598465676319,0,0.00941584725745012,0.00354691344666653,0.188632422353878,0.0144285917758118,0.0118418400692919,0,0.213662843683037,0.0812106012404444,0,0.0632169196761139,0.604490404930846,0.0139099339071104,0.00396157045076914,0.134055181608482,0.0606037134346575,0,0.0139494130339021,0,0.335596083076642,0.944475875093027,2.24085384201792
LIB-007618,0.0148898873557846,0.0357788084432765,0.0908332765842781,0.253933581250645,0,0,0,0.12825865080801,0.00230332255671099,0,0,0.064986787176371,0.00206587294804094,0.0964319930334667,0.0639544459846691,0.405092621706246,0,0,0.0226548813818229,0.0179578449443128,0,0.010008339264607,0,0.569808725554884,0.83402119515758,1.20915031343824
LIB-03326,0,0.115938750394588,0.00393150118537066,0.165986290014551,0,0.0972236117670817,0,0.142398194247977,0.0250805516545876,0,0.0232586888454411,0.135930646181931,0.023239072844763,0.541846081238245,0.0977134870905014,0.295531842599347,0,0,0,0.150086471124205,0,0,0,0.465653579144506,0.884310284322021,1.81816518918859
LIB-04658,0.0132402513230575,0.0284474460956769,0.0622351834203035,0.0967793868120798,0,0,0,0.0504924307993704,0,0,0.00985240634029451,0.0286243665586331,0.0167344469436538,0,0.00643999030532752,0.325171183790921,0.00690265605782442,7.38838586734431e-05,0.0629187040382418,0,0,0.00549447351768938,0,0.490158997560268,0.873900921038038,0.713406809861747
LIB-04654,0.104235378089433,0.457857385182455,0.087100671500792,0.23333048100287,0.00302488316392572,0,0,0.16942656439006,0.129048978221381,0,0,0.12258514453446,0.00410278671248679,0.0467170136438034,0.0265313800349139,0.294900944762671,0,0.00686147128894985,0.139874278803628,0,0,0.00462344890042228,0,0.708816432234639,0.740799094311076,1.83022081023225
LIB-008198,0,0.0815330695482063,0.0298731123550921,0.136534141974112,0.0392724401557803,0,0,0.130465892329858,0,0,0.00196791898268542,0.145952988528049,0.177841043267478,0.0756108614545663,0.0298692873721339,0.139752459390501,0,0.0327571315461528,0,0.256738687654938,0.0101094990312096,0.314471624766909,0,0.470461703698907,0.881857350918393,1.60275015835767
LIB-008194,0.0116321272332548,0.0263445730185392,0.0263793208302632,0.070512194989724,0,0.0254400296127403,0.0189778933817073,0.0497970854134351,0,0.00253276162119188,0.0114888764835815,0,0.0193763805382982,0,0.0266132814033829,0.301454506187717,0.00815988573119712,0,0.0413031099665391,0,0.00113258177812584,0.00254037088805653,0,0.690297068817551,0.774900579214101,0.643684979077754
LIB-04591,0.0372912828536075,0.150244139909872,0.0783953780098168,0.279923797606729,0,0,0,0.164461325553332,0.0907879592087973,0,0,0.128775059958289,0.0806934904903096,0.054845837144072,0.0959143441628661,0.486908127733729,0,0,0.0925661822456958,0,0,0,0,0.729060158960258,0.756475830351894,1.74080692487712
LIB-03330,0.0214309001943958,0.0499635872501285,0.214553583705011,0.0815352813640479,0,0.0264028698543209,0,0.109394779382964,0,0,0.0500148010263375,0.0189369519412134,0.0248809579469153,0.110876833651218,0.0203572629763961,0.172727894435155,0,0,0.00496277853579224,0.0262360819651338,0,0.00185746137560057,0,0.514056666182563,0.857107375365542,0.93413202560463
LIB-008179,0.0168471744299794,0.035470312251029,0.0202645934293341,0.0671045476152446,0,0,0.00566968250184193,0.0731326252139514,0.0120208227034511,0,0.0380283655722385,0.0134304458821215,0,0.141157585991801,0.0141632402063712,0.283980044731911,0,0,0.0319377672973077,0,0,0.0107870428217649,0,0.525459470914536,0.853952081610973,0.763994250648347
LIB-04642,0.920265539649843,0.384872553910811,0.252122688975829,0.159289487536099,0,0.0962954368143536,0,0.161398620566585,0.00798116735625443,0,0,0.0661611817296268,0.0438610247508229,0,0.0329033467444022,0.541328898110571,0,0.00302296391513195,0.0351136748122076,0,0,0,0,0.781663289252155,0.639406798893363,2.70461658487254
LIB-008182,0.0868389812243071,0.125100274415477,0.236761467264776,0.321377758729393,0,0.145548132801382,0.0396106310390737,0.271668519095459,0,0,0,0.22984409909708,0.0378707981128558,0.358042719158474,0.202605877728372,0.706860550804608,0,0,0.0038886861469812,0.0558798692245463,0,0.0147195209784542,0,0.313411472180771,0.95499185031148,2.83661788582124
