"cell_type","X3df0cb8f.4559.40ce.bcf4.4b038929fb4e","X9efb4d56.8ada.4280.bb76.b5746e4335b8","X3d3453a8.9260.4bd0.a4e6.a21feabc750c","X8a082588.a4f5.4cf4.8a61.fb1a13582026","X9121500e.1757.4024.963b.2d875e66932f","X382d9830.4cd6.4c06.9c87.9a83dd01e25c","X1109f6d7.0ed1.4be3.aa63.71e7da82d57e","aaa54a0c.f437.4e0e.ae39.977bebd517bf","X91714b41.6550.4638.bc95.bd9bd8163f37","X04a48065.ea14.4c82.82df.b7784d70193a","d06d5373.6a1b.474c.9279.10fcb29f59ba","a39ba4b3.40c6.479c.9407.01616194b057","X9decb422.2c34.4d7a.bb06.9f7ecfc893e1","X5b527fb2.9de2.419a.9f62.989333449f6c","X4cd84adb.81dd.484f.bd75.4ded4b0bef82","X5e2d5c52.596f.49bc.967c.42129abbacbf","X8631ada8.2cda.42f7.927e.76a24efa128d","X8999059b.74b5.4388.afdb.457c9fd24421","a79dd5b2.f97a.4b24.b762.fea1cd5238fe","X2e125727.43f2.4a9d.8aa7.5d501240c883","X2bb0e784.10fc.4978.b5f3.bfc197438175","X9030ac3f.19d2.4173.9025.87726923621d","X59ad0679.53de.4370.86ac.e3a9605f6997","X68f89489.0460.4e20.b878.7c432907bafc","X994570f9.404b.471c.a5c3.78e59480dd44","X5324e01d.69f5.4979.903b.7644f3236ee0","cb75fb62.e6e9.4763.a97c.1a2b919adc5a","d4e6dc5c.510c.4431.935a.62105b691699","X6fd76033.7c26.440c.beca.144bd18f7d58","b6e47b05.afe9.41b5.b040.7fbcc62d4720","X905f2f5b.4bf9.449c.a070.5d2cce702e29","e2a25905.7c92.4e43.81c0.d09268014334","X0915dde6.5839.4705.8d9b.b01a6450feb6","X46c4652a.ac2b.41db.a17d.02625822027f","X1ca20860.4a2e.4d34.a479.5b56facc2c0a","X1463039d.7953.4216.9e8b.97f681332eff","X9905b104.db34.4cc2.a6b9.bf3fcd21c9cd","X020873c7.93d7.4eea.b25f.60663417d9bb","X08eca7af.fea6.4691.99d9.ec626d5bb4fa","d7877cdd.a69b.4d4c.bb62.d279e18dbf88","X6070db25.079c.4bfa.889d.e4e447ceea70","ab75bca7.5635.4839.a178.120a02ef575f","ef9c0189.9d4c.425c.8c21.7739fac91ee9","X03ccc0be.5e48.4577.a4b3.4cd754c917e2","X8d6e5037.8602.4a3f.a580.3f319aeeec8b","X0eecc108.eaa0.4723.8342.ddc7f91710f9","X5d84f068.72eb.44aa.ad9d.6f8eaa4a8a32","X108e4f62.aa05.4297.9bc2.2fb82d687349","X62a348d2.e7fd.48d0.9622.8b485da5e327","a03bda91.0936.4c67.9508.4903f84c980f","X00f70d11.3b58.4517.82ec.258cced34a60","X9ac00677.9ba1.4ee9.bf02.ecb04533f45d","c3916163.fdc5.4048.9ac4.bf3de91091ce","X117a3e8a.4568.44a6.baee.9a5ab002042d","X305bf2f6.8d2a.47af.8bc3.17460178a66c","X6588314e.69e9.44dc.b7d0.0966c1833608","X44047435.3e87.473a.9231.b61fb0d5045b","X55fee8d3.acd5.4366.ac30.c66225debe4d","X5643f725.6510.4fb3.9faa.44b3124a9ad6","fa75cad0.cab6.464d.8fee.147706c3b6e9","X29f2019d.5a69.497e.a7ff.73dd35fcaa01","X52bc932e.fe9b.49ff.8584.2f92e61d5871","f9e194a1.e5c1.4a1a.840b.4e0246640d09","X0a770cd6.c9b1.4cc4.9e31.1f8a820c5c1f","X4637f6a3.9e07.4ac4.be5a.c893a27c8fe2","cc684aee.6d8a.4074.8474.1c4a48dbc8c7","d63ffcfc.a31f.4281.ad8d.2fee7439abe4","X3387cf11.ce22.4151.869d.47dd9166fcd3","X44daefc1.eb50.4fad.98db.7724c1e2c201","a0a07f44.c51b.420c.92e8.65f464db0442","c392b91b.1f08.4e33.9ab7.42ec0fce3b92","X417cb3fa.2125.42ce.a638.51952c81dc2b","X95598eda.ba98.4c1d.951b.131e149989e1","X4d845308.2bea.47bd.bf18.e0b3ebcb81a4","X67d1ea12.766f.4eb9.af7e.4545975b076c","X91a45dff.d6c6.4a30.b79d.475dad0a609e","d7814767.c4ec.43ce.9cb2.646941b2870c","X71b6caef.331d.4331.a42b.4f83dca777d5","d08b9d87.7327.4d2c.8b10.8a3973b99209","ae15cbbe.2658.4d9a.ace3.4609df63f512","X76376038.5810.476b.831f.9bb938941243","X8782807a.e8ee.4469.afee.966224f6fdd4","f53c3d33.7501.46e1.8125.56fb73083b65","X3e751a3d.573e.42e1.a361.6303669fb7eb","X45c2cef7.58b5.4e76.abf6.8b88088c6c82","f5a438d5.ca2b.4d44.8768.97f59f5f27b4"
"Myeloid dendritic cell activated",2.92571789981287e-18,0.0406196210503351,0.0505388348399615,0.153313069132685,0.225830684934371,0.103464482252539,0.0584229861599853,0.20254382253756,0.0326361244599059,0.206064502885552,0.218804408482314,0.045877512787406,0.153040070624366,0.0673522227806932,0.139298291951422,0.0489926864958867,0,0,0.0509787717910208,0.251636193725355,0.10532565205663,0.072665751977801,0.296586425072329,0.0505250249015096,0.0794965586437597,0.0565090264108382,0.105087257737241,0.236917465062323,0.118771414646072,0.0695897088647844,0.0732753890721009,0.0385821274111307,0.186492754109986,0.156811131182178,0.344409048752008,0.0517522391139576,0.137143441410537,0.327501508149395,0.0901144705817219,0.188760247757173,0.019741277221514,2.09744296409872e-18,0.0515192310354074,0.0881523600856807,0.0686187455264951,0.242218296215995,0.0150837910925713,0.111743755782155,0.176626062915679,0.0602736663719788,0.169759585931582,0.082380143760769,0.0190127257339748,0.0340718160968119,0.190114759587262,0.221419269221081,0.0495265178434738,0.143049500442194,0.179321265685474,0,0.166551529174171,0.0257798015142008,0.227797132924121,0.0361212443140637,0,0.206963979946407,0.198486386726555,0.0677946896230123,0.0257732297643147,0.134338525504772,0.0804297651924997,0.071312386837728,0.0296340680770791,0.034466461263297,0.0443658991820309,0.0421633529450419,0.112696160772865,0.00366994790896854,0.177369488209716,0.156189349597259,0.0184536064876136,0.110032492163959,0.0665259208840775,0.206369095375203,0.115013363574248,0.169229694365563
"B cell",0,4.40800725102916e-20,0.0642837642582308,0.0501685768078227,0.102616455521183,0.0330990325738872,0.0175983501931653,2.69043359156449e-19,0.0263059998274505,0.0496232502525039,0.147129059183372,0.0151162186596851,0.0343222460680022,0.0282355292733892,0.00397542162923956,0.00329272616094909,0.009296536038298,0.0168939732868368,0,0.106133560666275,0.0588193691708565,0.00289754254843389,0.295185355356761,0.0139959373663746,3.17032498707655e-18,0,0.0540028750187475,0.130014871589577,0.0102799402507275,0.218628569343621,0.00784075395666923,0,0.0551359217173288,0.0931324929710926,0.0446388733566317,0.00593475304385138,0.063641099640897,0.4266558932503,0.0135973964965499,0.00113763906232389,0,0,0.0319400113458422,0.0322536595862147,0.0777838351917726,0.265937591853312,0.000106704482284444,0.0217764400864748,0.019915590151458,2.24959490562928e-19,0.112559184488886,0.00251773315899798,0.0030230350085571,0.0526927798762599,0.0366443518497013,0.0421676484144518,0.00974455609614147,1.08607349787732e-20,0.0576112336465074,3.77673430043943e-20,0.0337817202489665,0,0,0.0196288433762111,0.0539500750692764,0.194218340363089,0.132252841806911,0.0489643049962358,0,2.49220563543264e-18,0.0662020064330224,0,2.05958284886239e-19,0,0,0.0269600785726812,0.0235405276797091,5.31181473709665e-19,0.0687802490694595,0.0393812624850671,0.000513706591418263,0.00925371128679962,0,0,0.0142655841054391,0.104536379321491
"T cell CD4+ memory",0,0.00298695394569239,0,2.65634786270842e-19,0.00254212718246703,0,0,0,4.33541116155956e-20,1.3532066660872e-19,0,1.61911268084987e-21,0,3.43373527543102e-18,1.38523766734379e-18,3.08790161585002e-19,1.01753211427095e-19,0,0,0.0251076599498169,8.52021294724595e-19,0,5.1268597920377e-19,0,0,0,0,6.91551419784174e-19,0,0,0.00607476603176977,0,3.9823147543172e-23,0,0.0052213441765265,5.11274097298953e-20,1.56075432494999e-20,0.0345927347563479,7.52201899818234e-19,0,3.10373983866354e-18,0,5.4217748348656e-20,9.9600821202953e-20,0,0.00796212950610613,2.38884111247024e-19,0,3.5230301030751e-20,4.43163215579631e-20,9.50773328347199e-21,0,0,0,1.83740849015212e-18,4.94739349022849e-20,0.00093329277408404,2.00669097012853e-19,0.00332420288019601,0,8.41312604202755e-19,0.00342540614787469,2.65549584057062e-19,0,4.0667197545967e-19,2.18934369464817e-19,0,8.60249140752537e-19,0,2.26947926939257e-19,0,0,1.06762636356277e-20,0,0,1.0372629281025e-19,0,0,1.58475122197226e-19,1.83972860613751e-20,0,0,0,4.10779240294606e-18,0,0
"T cell CD4+ naive",0,0,0,2.16601315326999e-18,4.12382431346142e-18,0.00525244926767816,3.97216582776766e-20,0.00521568566632466,0,0.00124174798234832,0,2.73383057668286e-18,2.40116323889872e-19,5.35168767735586e-18,2.68653408149063e-18,0,0.0107513262458667,0,2.40077695469107e-19,0.0129856975497938,0,0.0106672941367195,0.0738106391100465,3.79605782665493e-18,0,3.25617962500569e-18,0.0253871623884938,0.0225321539533312,0,0.00403486032149511,0,2.81130132251258e-18,0.0138450837293028,0.0118444908244613,0.0473352238511814,0,0.00188700373733341,0.105676924521883,0.00168006973269184,2.61283072419524e-18,0,0,0,1.5550364954376e-18,1.36710106425544e-18,0.0332741251084485,3.20707241939667e-18,0,7.7289591122899e-18,8.60896846684523e-19,0.0264683941235995,0,0,0.0196742598925812,0,0.00060323726776538,0,0,0,0,0.00302647995984348,0,1.50665490152416e-19,3.73162846322343e-18,0,0.0248702201856189,0.0354574742483032,0.0338497901099697,8.00909008575221e-18,0.00101268909293047,0,2.27538866551973e-19,0,0.00712950667727078,3.40151584211345e-20,2.74255755417044e-19,2.33310056369629e-19,0,1.15842569686521e-18,0.0293102228288146,0,2.44171539675708e-18,0.00555402879038589,1.09239360279689e-17,3.78811941643637e-18,0.0146549911746734
"T cell CD4+ (non-regulatory)",1.68481569987548e-18,0,0,0,6.73637767871623e-19,0,7.30513992517853e-18,8.97950367022888e-18,4.44450493983336e-18,0.0118138613176793,0,5.18638664230548e-18,0,0,3.71528625530663e-18,4.19726074428861e-18,5.03759751542475e-18,3.84540159404608e-19,3.17888928640562e-18,0.0204065581560144,1.37623542787142e-17,0,0,0,5.61608042133832e-18,1.01989080488623e-17,2.20065377187276e-18,0,1.65636311777401e-17,0,2.80836914876155e-18,0,2.80142151406496e-18,0,2.03148659632498e-18,5.97073408129196e-18,1.21907985925136e-18,0.0131980424650524,2.98768155213579e-19,3.48888784667244e-18,0,5.23846835475599e-18,0,5.49663276036088e-19,0,3.06740588886154e-18,0,5.12529280661103e-18,7.36221383215507e-18,0,0,1.52160298608475e-18,4.10345208324696e-18,6.38484395171244e-18,4.44242788697797e-18,0,0,3.6564719270405e-18,0,0,3.78743187435185e-18,0,0.000530592673115198,0,0,0,8.10608213689873e-19,4.04351839385493e-20,7.39642470145439e-18,2.84243509738543e-18,0,0,1.32755223444969e-18,0,2.69392758937133e-18,5.86687437845655e-18,0,3.16008163698354e-18,8.59296491466234e-18,1.63315959958827e-18,0,3.06203199018212e-18,3.29668572377463e-19,3.94419791436593e-18,0,4.04607509905395e-18
"T cell CD4+ central memory",0.0159968116098731,7.86316299549865e-19,0,6.55330745669319e-18,0.0300157628999244,0,0,0,0.0192631022012359,0.00382288630586889,0.0129135477917333,0,0,3.56034881922093e-19,0.0267566376432167,0.0363533778008233,0.00468721111673779,0.0309469489250364,0.0285489475265606,0.0182981028641089,0,6.29791084085168e-19,0.0362596170271967,0.0124948669680509,0.0412539331481078,0.00210667571594905,9.36142978675676e-22,1.88173827815274e-18,0.04373700939146,0.0212240513302918,0.0461945311984233,0,0.030088886250385,0.0408863220048166,0.00366577155299656,3.64166971586065e-19,0.00363678344337195,0.0459370800134058,0.0131668157250622,0,4.77022767177744e-22,0.0166136067753178,1.67930745755222e-18,0.0278740661507997,0.0459278590621408,1.59784647274643e-19,0,0,1.12524672845457e-18,8.52164332321338e-18,0.0104454699225271,0.0137860734968249,7.46910443699215e-20,0.00275533317446061,0.0417399433941091,3.33994352462798e-18,0.00194046519109817,0.0326026228452995,0,0.00123249508149001,0.0068762593531229,0,0.0347202623862132,2.80443474000521e-19,0.00953856846731714,0,8.03458838929512e-19,0.00134167273862746,0,0.0316674225669303,8.70361386676353e-18,0.0241798193143168,6.6950486175501e-19,1.31913779892191e-18,0.00599084561952968,3.03593991511694e-18,0.0116652491751252,5.0918161494198e-18,1.01944805098161e-17,0.0192269432463372,0,0,1.30334103442721e-19,3.24414807759075e-18,1.23176900911335e-19,1.38685359630918e-18
"T cell CD4+ effector memory",8.4026643460005e-19,0.00765734986770437,0.103501246230754,0.0246230023391678,0.0355829222326574,1.62690462909621e-21,4.37969876138057e-18,0.00759845353685394,0.0132460933652435,0.143189029689742,2.40129609305395e-18,4.89778663702906e-18,0,0.0351068134642821,0,0.0155115517029519,1.47236039876044e-17,0.0753015606154512,1.81911691955438e-18,0.094942837123336,6.83329182247634e-19,0,0.0620181252909677,0.0144192926989966,0,4.33375927471779e-20,0,0.0103357291865947,0.0267169597006883,0.0173055428868538,0.0248982748528923,0,0.0574292563961695,0.0503487844931121,0.0695333018444554,0,0.036613920221861,0.162539623398544,0,3.22448446858923e-19,9.96096335570407e-19,0,0.0853735489159676,4.72719909446949e-20,0.00416083764185855,0,9.07771880484466e-20,0.0218942653843006,3.0286843559313e-18,2.29458826832751e-17,0.0194333778511973,0.0335982346471337,0.0357419100640016,6.15334408708243e-18,0.0926604813625077,0.0545789826073461,0.0229405157174353,0.00872636293089849,0,0,0.018309136773604,1.08536354155834e-17,0.0957548526957145,9.66551077296881e-19,0,6.45763430411356e-20,0.0446581855147413,0.025433006818024,6.74132933235634e-18,0.0398965043996757,0.0456311802547273,0.0341479864680216,0,0.00391842996894504,2.37786973829562e-18,1.26523975864235e-17,0.0699063441661401,0,0.00272696211203622,0.0585349278121054,0,0.0221648827055282,1.41914774679247e-18,5.929033699518e-19,0.0340411942922561,0.0309572650328028
"T cell CD8+ naive",0,0.0225797350759526,7.05306598033286e-20,1.56805853664846e-20,0.0187430516393972,1.72594510331646e-19,0.00689715354210494,0.0250404308431682,0.0176188379423702,0.0141519028151588,0.00730887066300069,0.000311709608611417,0,0,0.013149690966576,0.0068368067842123,0,0,0,0.00665880520565237,0.0075818150773907,0.0024695129525576,0.0115537083498084,0,0.0181058693599548,6.82817367628349e-19,0.00540133196095284,8.25579885948563e-19,0.00380412040783623,0.00902104461184526,0,1.19443266019089e-18,0,0.0249120784727302,0.0178488948953933,0,2.00704951485792e-21,0.0427311757354321,4.86567386967147e-19,0.00322252737196435,0.00809014087259005,7.11521323150846e-20,0,0,9.73358673593169e-22,0.00814405087662284,0.0060061663516108,5.10295825566344e-20,0,0,0.0180429455509711,0.00727636044572524,4.0299972706005e-20,0,0.0140770317172161,0.000959296587902489,0.00714688053163101,0.0154801206316177,0.00601268845898602,0.00494467455014194,3.95366015188372e-19,0,1.21579632721822e-20,0.00865888748846064,0.0131046049413111,8.99819529166319e-20,0.0142276519519121,0.00169239298217325,1.22671489620614e-19,1.06968547112549e-19,0.0226549576323154,0.0424485529092992,0,0.00160591264868811,0.0222158049053774,1.16255872169622e-19,3.53016331281794e-19,1.07135047258894e-18,1.51016131790388e-19,0.0171623943687472,0.00504894930825516,0.00521070200595353,0.000435032414531513,0.0105919790737645,8.88275068817208e-20,0.000776371236522127
"T cell CD8+",0,0.0106116129553891,3.13258674826026e-18,0.00735750234953324,0.0296503911431588,0,2.72203471988143e-18,0.0590349992589269,0.0221924659593807,0.0529421408800169,4.78850999329844e-18,0,1.53032080483561e-19,2.24047291859513e-18,0,2.34715315265134e-21,6.6721916064266e-18,0,3.34752510102177e-18,0.0358529110355554,0,1.19692189234448e-18,0.0798911897358829,3.01999988117841e-19,0.00374935176414154,0,0,0.00924804239988702,1.90546462542603e-18,0.0399182903779096,0,6.49634641855853e-18,0.0116731868967503,0.0366074601510735,0.0312746811816875,0.00175382580647608,0.00651140871189522,0.28191798875525,0,0,0,3.15089831782517e-19,2.08783334587343e-18,0,3.98692755297429e-20,0.0479137780507725,0.0126923802476826,3.72127766088709e-18,3.94241458512694e-18,1.19724544568724e-18,0.101818997221219,0.0111199760666908,3.84100128985839e-18,8.88745321229598e-18,1.50826112620756e-17,0.00455297745524183,0,2.05582532076488e-19,0.0150760311600705,6.22431499144168e-18,7.05455272921514e-18,6.86276045011794e-19,0.0279049977063074,1.64772894625969e-18,0,0.0255360030475067,0.0422040266056661,0.0118887038422035,3.51053879310882e-19,1.83954909816035e-18,0.0504445387782462,0.00911356542687657,4.82993548385722e-18,3.75506485432216e-20,0,5.88532188866871e-18,2.16277545041559e-20,5.744722778915e-18,2.70699171762154e-18,0.0254694382710567,0.00390387424721894,5.68057682982793e-19,1.16017897224127e-19,0,0,0.0347409022449974
"T cell CD8+ central memory",1.84166943069878e-18,0.00421114471703775,2.9767467197511e-19,0.0246069922794424,0.040967867841642,0,2.78908491905164e-17,0.0218861431382293,0.0179649476137311,0.0517208800930741,5.27186235272339e-18,4.37490939409136e-18,0,7.88552540095921e-18,0,2.78051134586679e-18,0,0,2.89478286222873e-18,0.0671359226360494,1.42415669964747e-17,2.74654078145155e-20,0.10964909808433,0,5.2036513791627e-18,0,5.46459318422482e-20,0.0126437884944527,0,0.0276389227225069,0,2.26317699923702e-17,0.02821860477339,0.0365595776676733,0.0644674695164706,3.95944472435794e-19,0.000900684911462374,0.317337709378471,3.95455655180979e-19,0,0,0,7.88878289415445e-19,0,0,0.0200993074863153,3.12155238312806e-18,0,2.40605539215265e-18,1.69595721404188e-19,0.0420704517704743,0.0176962433065328,4.76893536109746e-19,0,0.00772531581041635,0.0298155267716077,3.73907741399022e-18,0,0.0295966358234457,0,9.37325012213559e-18,2.0174271085339e-18,0.0133945645496161,0,0,0.0415915441915,0.0608162395220195,0.00858736207478392,0,2.90373923735647e-18,0.00142647422200427,0,0,0.00698257488927765,1.46487354906673e-18,6.41379813284253e-19,0,6.64065844858077e-18,1.08367711767147e-17,0.0197302486399286,5.26993528774419e-18,1.78226305711631e-18,9.75557804362605e-19,2.27639578949918e-18,2.2373624449219e-18,0.0741734048226047
"T cell CD8+ effector memory",0,1.20021633523346e-19,7.90197570594989e-18,7.47437800074908e-18,1.29582057190294e-19,1.76962248674231e-17,8.59902087410309e-18,3.52928919601175e-19,6.39386701118132e-19,1.32706796356478e-18,0,4.89509342719795e-19,0,0,3.48707066265207e-18,1.56766244316536e-17,1.39406670811784e-17,7.31949993699938e-19,0,0.0141716085535271,0,1.11602178871162e-18,2.43877960141354e-19,1.33153023840286e-17,9.91492354923167e-18,0,6.15240268906998e-18,1.84706383248805e-18,5.17702331853758e-18,8.93442104401e-19,4.99457162694712e-19,2.0652501426007e-17,3.21338357550083e-18,1.42754178604778e-18,0.0505267383657498,0,2.9817525215723e-18,0.051282100007069,0,0,0,0,0,3.33022352287139e-18,3.18661323246478e-17,0,0,3.62470976815586e-18,1.48656960072548e-17,2.68248281199207e-17,1.55917547232883e-19,0,0,0,8.24703643737601e-18,0,5.75417441121529e-18,8.41162414947172e-18,1.80368200010454e-18,0,7.03038587064742e-17,9.98160743394137e-18,4.3575172000012e-18,2.46662017104979e-18,0,1.5815955891976e-18,6.04655283703957e-18,3.38733447796076e-18,0,0,0.00128693925090827,2.80730757460479e-18,7.17659358973365e-18,9.81747498229928e-20,2.2236298830195e-18,9.36998030484756e-18,7.34294761493837e-19,0,0,0,4.06792534793585e-18,0,0,7.23449026922509e-18,0,6.45373532977406e-18
"Class-switched memory B cell",5.5508400714666e-21,0,0.0252002423605806,0,1.87092606200881e-21,0.0120224548824399,0.00784740801302495,8.08789039802043e-20,0,0.013875544059516,0.0258936492529738,1.54341539209382e-19,0.00883475279538648,0,0.00218109886285267,0.00504802116090759,0.0382925067724684,0.0261328022107408,0,0.032547147866127,0.0158736164942271,0.00630903047152026,0.0928371145626522,0.00382904319074344,0.00176702545245575,0.0112597368278844,0.00758545186162004,0.0303153082428042,8.11920733576241e-18,0.037825799194761,0.0134886182052105,0.0177284287573338,0,0.00709358498594712,0,3.66564739381057e-18,0.0215118903714927,0.0787148841715592,0.00616016059573369,3.33135155880386e-18,0.0147858224235544,0,0.0202725433260121,0.0038625329957637,0.0275376174708068,0.0159577225024005,2.00836071147146e-19,0,3.79730569043379e-18,0.0124696396604496,0.0155394779939783,0,0.0102533750694813,0.0446927926941648,0.00150305396256462,0.00190957208961016,0.00601674532725249,0.00637021468732248,2.26827646755727e-18,0.0128577990424893,2.18720179817989e-19,0,0.000565011171132055,0.013682176613573,0.058592212402982,0.0168564764491017,0.0401571069816647,0.0490361614111697,5.48688531781784e-19,0.00142244897918427,0.0280634590131873,0.00978840558795789,0.00471635585858847,0.00906062194688681,0.0109921564472302,0.0121620231762029,0.0408834565366404,8.73179416664582e-19,1.07724025592347e-18,0.00197150801815104,1.0930421819379e-18,0.00259628884098371,0.0257438112367322,0.00125314309688919,0.0231669788589392,0.0340609721711075
"Common lymphoid progenitor",0.0193893361597106,0.0296551898414607,0.00166186139849398,0.0263662886801346,0.0599702297573199,0.0122446555144247,0.011922026684575,0.0619999120696452,0.0106114086051771,6.07849259554536e-20,0.0158647365539162,0.0039695523767872,0.0166713472166315,0.0122382502251519,0.0353593053826365,0.0224169634076,0.0107266448616168,0.00599762548210973,0.0214674934944448,0.0133749501119856,0.0313733700766187,0.0213616181368881,0,0.0330160062512798,0.00883598860372853,0.0178708781205361,0.00130317983330377,0.00218867901374019,0.0412633294304731,0.0209384353102114,1.14892529939478e-18,0.00998315629830911,0.00762210869298042,0.0186014624244549,0.0356738068864192,0.0384675695179395,0.00494771617088382,1.82842108561246e-20,0.0328928291089486,0.00203199425299997,0.0060703551557739,0.00256201956340868,0.0204750204241007,0.0179594638945309,0.00554420795136622,0.00135677941926925,0.123516531711209,0.0346758410515796,0.0608197556433364,0.0229648745855708,0.0271312318009488,0.0440420715592318,0.0383049898212951,0.0191954875933407,0.021232523894395,0.00552202263667242,0.00926370837094044,3.60859006609986e-19,0.0166602506361404,3.5507129430267e-20,0.00191668339355479,0.0369242592136479,0,0.0185671248466059,0.0107658210157345,0.00218589042533282,0.0591107974745713,0.000995908827491744,0.0044381487543765,4.52580582407906e-05,0.0644678208049347,0.00822368175149065,0.0356535005750932,0.00312720477556555,0.0476618436153541,0.0415646978894107,0,0.029973039436917,0.0392751434319721,0.0182457963174422,0.0289857861609299,0.00337382195689394,0.00268445851764985,0.0450891066427332,0.00492025338734968,0
"Common myeloid progenitor",0,0,0,0.00103059921473463,2.97158476548984e-19,0.0158690846454547,0,0,3.23243050915728e-19,0.0158405594934399,1.59502449372538e-18,0.00322027908013275,0,0.0034142245866753,4.4408774566971e-18,0.0133624528012752,0.0107608429911625,0,0,0,1.04864161987149e-18,0,0,0,0.00954366115310738,2.74171339960606e-20,8.55086438478002e-19,2.32625718506683e-19,0.0366667872777516,1.57991562928995e-05,0.0016714353793075,0,0.0221277056753877,0,0,0,0.0108790506475394,0,1.10522105704285e-18,0,0.00276016596290582,0.0148734888410888,0.00459685784022792,5.53336357296628e-19,2.57568135867131e-18,1.44238944733032e-19,6.15871499160389e-18,0,0,0.00179568368514423,0,0.00371615319277955,0.000620222577758827,0.0244307053694774,0,1.82025776793962e-21,1.02675113726954e-18,3.27670436540093e-18,3.36805686855722e-19,8.27777279845631e-20,5.38432579676635e-19,9.23116017299169e-19,0.00848303945662344,0,3.92874781756845e-19,4.95750346392869e-19,0,6.5541465635726e-22,0,0.000521555850308646,0,0,0,5.61957110963825e-20,0.00864120840302739,2.6822116855627e-19,0.00697534934764749,0.0113858809299111,0,1.42406667497925e-19,0,0,0.00013280256902326,8.81686510045231e-19,1.3441182583529e-19,0
"Myeloid dendritic cell",5.99609257257452e-19,0.000258813663089004,0,0.000347915577449196,0.00243876965312472,4.31675944144217e-19,6.14956490154506e-19,0.0100679957079281,2.47699968820564e-20,0.0036751351604734,0.00564143545756276,0,0.00177980969711347,2.30822177049748e-20,2.10156219073727e-19,0,0.00867085269088816,0,6.15746325337758e-21,0.00364282418667708,8.01527544982238e-19,0.00437843710484281,0.0064637130253691,3.99208053647235e-20,2.83058047746397e-19,6.18281133196991e-19,0,0.00459577675830982,0.00027445890557714,3.53628047110788e-20,0.0225626819687666,4.85116475179551e-20,0,3.71805421097873e-05,0.00772348419849631,4.85854899689456e-20,0.0161024111970944,0.00986766882565954,0,0,1.64821454022526e-06,0,0,0.000523186973663076,8.03148702354141e-21,0.0014921683914474,8.05073698493751e-19,5.22901210094764e-20,8.99395074455296e-19,0,0.012508528039028,0,2.16639477220748e-18,0.00270799590791726,0.00121251677116443,0.00457783883356001,1.5205003943094e-18,3.74149556379751e-19,0.00272901227981139,0,4.30736509050067e-19,4.88354436978599e-19,0.00952883494897948,3.42298187689537e-19,0,0.009293517578966,0,0.00109853442670086,0,0,0,0.0173065911774178,9.5588262015119e-05,2.03757472616783e-18,0.0179515033514242,0,1.30763614676083e-18,0,6.48026829816003e-20,0,0,0.0022523511627531,3.37999132271199e-19,0.00538645359017624,0.0117226053690995,0.0138303318236094
"Endothelial cell",0.0536207372262818,0.00630801434194397,0.0362587662681711,3.1347066208052e-19,0,0.00688756068092535,2.57105744392348e-19,0.00511767247960307,7.45681896122098e-20,0.0567941436797906,0.0475497577466947,0.0479467777785025,0.0182432078762614,0.0322559944076198,0,0.0489840929218182,0.0260610389090169,0.0596352224527179,0.0415828981370776,0.000759552061081474,9.06864958930373e-19,0.0678766137331435,0.0659015567456293,0.0129610333747228,0.0678648191085117,5.73645820123774e-19,0.0257963318017065,0.00359301174547645,0.0201367654363888,0.0483243648944358,0,0,0.023218161816524,0.00606890922701985,6.48681743775302e-21,8.12440151266961e-19,0.0119800039393699,0.042200721226691,0.0212615982877646,0.0123641180110626,0.0784735311584853,0.0120591458930479,0.0096728350560197,0.0208291855359344,0.0240705130503039,0.117465417715007,0.00842393455507206,0.0221459934980279,0.00675406765338485,0.0468570873523947,0.0458122008351109,0.0258468405587193,0.000158357017942745,0.0616347334453206,0.021207799498886,0.00773648880142913,0.00215822852686973,0.00457942150486531,0.026066580857733,0.017788947203105,0.0528620644235538,0.00261890432299976,0.00504141625354143,0.00596115768249458,4.10161208481036e-19,0.0255561832717676,0.0192676314182799,0.0167443853821272,0,0.0951036584936072,0.00268973730827529,0.00581680669490793,0.00467165770613799,0.0966653012511229,0.0917897435486388,5.90829425486342e-19,0.0333881617199119,0.0335273294978709,3.24158761044371e-19,0.0303732621604675,0.0207107920315469,0.0215390917061749,0.0128650994835656,0,1.21688837084694e-18,0.043459877404473
"Eosinophil",0,0,1.41231967769927e-18,2.1977112017747e-18,0,0,0,1.36358952833076e-18,0.00136390940987145,0.00785137297677767,0,0,0,1.18983859393116e-18,0,0,0,0.00736087767115996,1.86570838355139e-19,1.9091316568724e-18,0,4.62034513689909e-19,0,5.23200234916384e-18,0,0,0,4.19592426935806e-18,7.77659365339577e-18,4.41260448991383e-18,0.0299162385575521,0,1.8332564546412e-19,7.05454569900151e-19,0,2.53448586221694e-18,0.000242290200650859,1.2118881543982e-18,0,0,1.81970126672941e-18,0,0,0,0,7.23609640824858e-18,4.64416249017558e-19,0,1.6435102255849e-18,8.6385416490953e-19,0,0,5.66128075888348e-20,4.99061588145526e-19,3.19555404891527e-18,1.0127162133367e-18,0,6.46991049767393e-19,8.49183976890761e-19,1.25584418359587e-18,1.34044794484909e-18,1.1037383362648e-19,0.00288506493080111,3.65128362852008e-19,0.000817179566003921,0,4.45559047454972e-18,0,1.55232083440545e-18,0.00032029637887433,4.48811334194682e-18,0.0192478358891204,2.75413111303588e-19,0.00595518259923897,0.0098124502183025,3.98169382588384e-19,0.0044586439207885,0,0,0,0,2.75637444953558e-18,0,0,0,1.88889728471723e-18
"Cancer associated fibroblast",0.0355409244672642,0.0616624790430472,0.0533379770878226,0,0.132305306270644,0.0850256033093599,0.0458101657613604,0.0392081370348456,0.0310499241601839,0.083195141984479,0,0.345442067828909,0.0332869096514854,0.139436780328343,0,0.100349634241491,0,0.0592424624453057,1.81793261205237e-18,0.0790863900750279,0.0959607746857469,0.119063088270845,0.0670872298976996,1.19802515768919e-17,0.136074537710753,0.0424072914597623,0.0787543234200741,0.0186351138722807,0.0647087229094364,0.151275100150152,0.151345499431909,0.0735150183897013,0.0140943909183206,0.035393972061891,0.0711370731394178,0.0489683548094817,0.106009852819061,0.204524230991568,0.113407465609473,0.0709152543802866,0.237786941828753,0.191810887275483,0.179169069502734,3.33802834931797e-18,0.0476147656950979,0.118258929850223,0.0436153614043848,0.124868958461244,0.0675247508443408,1.34647849168161e-17,0.169862112339212,0.0819163708720093,0.0943496432040613,0.149274789339868,0.198300795426237,0.133733521199739,0,0.216023158308924,0.193347197378283,0.184125902841054,0.192769643830841,1.75579129352804e-17,0.114822767626459,0.00524572132192579,0.0313149010094193,0.13604457804119,0.0302801157743824,0.0207390782446875,0.0100594596968979,0.174345816491545,0.0718500011434483,0.0526604811373914,0.0825758183170332,0.138919834842598,0.0951237476099515,0.0833996300694794,0.0852472658296069,0.0446604505337369,0,0.113285675704874,0.012486878934574,0.114464211600385,0.193271664070505,0.007209657557362,0.214854527052052,0.14908854492036
"Granulocyte-monocyte progenitor",1.24290789105233e-17,0,0,3.76306178735406e-18,2.3003821922235e-19,1.66375790365062e-17,1.3842422024493e-17,0,0.00677974524366067,0.00640046384209654,9.55728478043626e-18,1.09701848285376e-17,6.32920304944441e-18,0,0,4.38627173695843e-18,0,0,4.18578767363369e-18,0,0,4.37974165402154e-18,1.01644480971112e-17,0,0,0,0,0.004021419023053,0,0,1.62378022331956e-17,0,0,0,0,0,0.00183197705773716,1.04760003205813e-17,5.85812701837023e-19,1.64251020820463e-18,0.00474509553656168,4.34915272261792e-19,1.16324240787134e-17,0,0,0,7.73831191846454e-19,0,0,0,0,5.44469734733233e-20,0,0,0,0,0,0,0,0,0,2.01052681400475e-18,0.00342207874832317,1.22734414049203e-18,0,0,0,0,0,0,1.00769269092258e-18,1.43030303118341e-17,2.7772570563631e-18,0,7.32205061761808e-18,8.43457843357315e-18,1.30903172535103e-19,0.0249559464582919,0,0,0,0,0,1.56043111414074e-18,0,7.96159647186417e-18
"Hematopoietic stem cell",0.050260340606749,0.121423639892847,0.0760164061465617,0,0.0276752646975165,0.0341994371485188,0.0354113416536835,0.0945603154615559,0.0864702009085012,0.101679909833323,0.217730388363454,0.0675934073470207,0.0165927841626357,0.110567791321668,0,0.0667388535925619,0.0596126211252337,0.0398155036122414,0.0559749537162837,0.00252699313804516,0.0269136388893962,0.160012465946898,0.0416498761768784,0.0679182840705147,0.24456704336644,0,0.0214248387165643,0,0.0875201076553861,0.122587869516446,0.162021801616388,0.0498091520245167,0.0624610677589933,0.0113990933476239,0.00309873175715555,0.0640802131720427,0.0999249243773228,0.0461677986319638,0.0111762733032977,0.0254931388682607,0.278773255577462,0.232422408183626,0.0634863789381294,0.0773082770802454,0.00813706255391548,0.188178141697541,0.0454971089800275,0.141869285388936,0.0596144673868554,0.0395044378497165,0,0.127532824486508,0.0733101372822497,0.190552768520874,0.043991392819265,0.156996110904535,0.0248293864906935,0.278067942591065,0.108146652475105,0.0630332785598138,0.165492229506686,0,0.0793307936121411,0.032484853749348,0.0470054575065294,0.0378331131952107,0.0168274879316966,0.0498830212363157,2.08477849912303e-19,0.245660570614945,0.0332364441730791,0.167598070078518,0.0327302323635699,0.127892475769006,0.226687692736392,0.0391012757965261,0.0361300118169634,0.0216073057663759,0,0.0581209295291253,0.114565821858398,0,0.0401923444136122,0.104761201964188,0.00414405530781371,0.0517941416675728
"Macrophage",1.81996033087053e-05,0.00895701038592869,0,0.0186393610079121,0.0460521675680977,0.0343712861893155,0.0353281195009619,0.0257286343665928,0.00874734656526625,0.0708478641639609,1.20509569938063e-18,0.0251673980715623,0.016833422284513,0.000640488625075195,0.0177491985536223,0.0621367606697168,0.015226182544672,0,0,0.0504752160728888,0.00074351051692595,0.00274161860574751,0.0682135184237974,0.0034156743917185,0.0189616513103345,2.03056649927019e-19,0.0432644282628642,0.0561360411887762,0.000508712410411293,0.0202239545369002,0,0.00716643697764541,0.0340847868164685,0.0266816395244806,0.129076990282727,3.0036250129452e-19,0.0967637950174178,0.0258552828063206,0.00739991996984737,0.0430017954094811,0.000446172099809382,0.0185263569021719,0.0378646870991322,0.0147845620217712,0.0161803739445271,1.70983312645268e-19,0.00114966857196711,1.18618419710535e-19,0.0319481229352305,0.0024950341034771,0.0332137158890255,0.0114126668446406,0.00843611344846482,0.00985874517723703,0.0436898770684368,0.0444791654802918,0.0366552072370624,4.83891301574777e-19,0.0443876242094493,0.00730005209551746,0.0147231494180571,5.10355363548693e-19,0.0516720555937222,0.00212372564497342,3.01013254585986e-19,0.0138904394610154,0.0412133197837077,0.0194590173406851,0,0.000802624950772871,0.0256949511416356,0.0272585759325601,0.00223021057577487,0.0154437596563359,2.24736520119443e-18,0.0234082295520213,0.0262977781836803,0.00559863527626684,0.0428259856496219,0.00513229885156557,0.00361822376533383,0.00906252483868576,0.0126445340477833,0.0174804319121319,0.0268939249155397,0.0443544937601828
"Macrophage M1",0,0,0,0.00463614484795831,0.0231287335877993,8.99714704908879e-19,0.0122833328451423,0.0084712843747875,2.32913692781582e-19,0.0259987908549797,0,0.00193251593912994,0.00968720854789257,8.20684798144771e-18,0.00893263904120527,0.0139913800373426,1.57998449043262e-19,1.0315980381075e-18,2.29539580746252e-18,0.0342408515728129,4.41610705243857e-18,2.2439386836033e-18,0.0343894748766253,3.10824110552971e-18,0,0,0.0158741317853074,0.0219430273254116,0,0.00135247855518176,4.29266532837128e-18,5.36820103912703e-20,0.000853653161668007,0.028644843919119,0.0867117428310824,0,0.0307147699385291,0.0395933185977727,0.00613312446878443,0.00529278556019222,3.32855918547049e-18,0,0.00733183375569521,4.34115607676244e-05,0.00167585086029065,0.00395092841476358,0,2.5671421375036e-19,0,0,0.0303462617413262,0.00316192753851097,0.00557394297240304,1.69353433927629e-18,0.0167543080268696,0.034107362329089,0.00780389962226651,0,0,0,2.0468526575265e-18,2.43620565306936e-18,0.00719765745829289,0,7.86793917822507e-19,2.98190734946849e-19,0.0270218160611097,0.00614975774096833,0,0,0.0119966583475126,0.0199976183770729,0,4.66430916196216e-18,6.30258293431985e-18,2.8230952225109e-19,1.15327908433652e-19,1.89559081698381e-18,0.0102308195822062,0.00234008877925419,1.99600599373119e-18,7.08830479428008e-05,0.00921611965139604,0.0131319848985523,0.00363656280729104,0.0151317167507206
"Macrophage M2",0,0.0124616990176424,0.0179637432235304,0.0273500609452461,0.046852846580103,0.0577329278258178,0.037009431118034,0.041339745756024,0.0101945330135839,0.100836445130165,0.0109577256615343,0.0235589086238401,0.0222027827798135,0.00524872883660675,0.0221175698681563,0.0383897571628119,0.0229918316394844,0,0.0145016110382589,0.0361330191086484,0.0240110798259237,0.0488914410453943,0.0878431171413254,0.0176256930494174,0.0606497278678557,0,0.0790160077314138,0.058401003593841,0.0276692475819989,0.0266546906335638,0.0120157739638248,0.0327651535175767,0.0733415371490755,0.0216774028729584,0.0408931974011434,0.00500097249464509,0.0738770102998065,0.0419384325932449,0.0180567909307226,0.0461671168138352,0.0517927753724812,0.0161567983165702,0.051130363509279,0.0400341154224856,0.0294813485872132,0.0118539370610624,0.0171995994698436,0.0180043405211167,0.0428871378075682,0.0040787865355748,0.0747713635714997,0.0151227131713922,0.0133470079053702,0.0329904510664646,0.0674741797748486,0.0495050834172756,0.0562415091921235,0.0299579344691721,0.0787782357953958,0.0686234017850634,0.063518313208615,5.85503245607033e-19,0.110786775551293,0.0154579755642847,0,0.0272164804299639,0.0401291760786565,0.0266877737835836,0.0110435043248724,0.0468142667940564,0.0232756266715879,0.012497034678367,0.0122091388419517,0.0457664914608295,0,0.0377632507385107,0.0501272443891299,0.0171313299772107,0.0517715812012562,0.0471644069723298,0.0213050357282589,0.032265593068458,0.022903746827081,0.0161822273321888,0.0280038101816615,0.0721392051368672
"Mast cell",0.000198351786781014,0,0,0.00683975617957454,0.000944422197299484,0.026454523620055,0.0111970345860343,0,0,0.0167168502141467,0,0.00257757091425259,0.00666783109515817,0,0.00407528264185972,0.0207260951849637,0.0226029875843506,0.00122157302713512,0.00126970158223803,0.0036278648557763,0.00739773452032653,0.0122062682555888,0,0.0176742404069906,0.0190201992625499,0.00395007197404573,0.0100462956210438,0.0127963608072413,0.04948548062567,0.00259291627970194,0.00702177876520944,0.00665072621267313,0.0226716442147616,0.00320190709843009,0,2.36144871316114e-20,0.00451302581130505,0.00204752944059528,0.00587083504227213,0.0100243498406092,1.58653213920974e-18,0.0039520458507935,0.0128618414066022,0.00672524734884952,0.00315299089145858,0.000772852685100875,0.00555105070777694,0.00914247366026897,0.0139739879740651,2.00838744502269e-19,0.00372917459642451,0.0128669324564747,0.00679070120308465,0.0334822302232019,0.0302417470256623,3.67007209545642e-19,0.00936292798877194,3.28911333069398e-20,0.0237416267930043,0.00369471952859639,0.00922221607530132,0,0.0199653469124653,0.00418297531546539,0.0077451584270008,0.0012447518525064,0.0147918754031853,0.0125152991962972,0.00394111724298446,0.00890704586477951,0.00545861828397063,2.5594114994472e-22,0.000291829700672142,0.00360386381153333,0.000751977575447415,0.00790046047702881,0.0069424665854447,0.0123472235722607,0.00477952553562339,0.00495946262412119,0.00138880132095537,0.00136674111450335,2.86955358940638e-19,4.68458655820279e-20,0.00705173719286925,0.00913637439999438
"B cell memory",7.4625728915975e-19,1.67631175696235e-18,0.0314410173386622,0.0136088358984403,0.0498206549246575,0,0,1.25226214629329e-18,0.00195267730803186,0.00935361076684087,0.0884141261523546,0,0.00672351018470621,0.00516055592286545,0.0126000644947543,0.00305632371770667,0,0.00352427777530232,1.6607772026852e-19,0.0264288927705554,0.0267360181611164,1.206715969288e-18,0.132181147292457,0,0,4.57242929582436e-18,0.0159634502067023,0.0178317535907773,0,0.0561841019137983,0.015691771325806,4.62273544480231e-18,0.0119880238322467,0.0699736667565742,0.0222747542257355,0.00768714218235103,0.00929370036094047,0.160201478982444,0,6.99919596297436e-20,4.85842969621439e-18,0,0,0,0.0299784248897191,0.0917672644776222,1.25581278975398e-18,0.000520097674002101,6.08104008161891e-18,0,0.0548350097275567,6.93710899153546e-19,0,0.00826898818052996,0.00909092926197822,0.0252758580983995,0,0.00442273080173725,0.0039342939524859,0,0.000668098174849944,0,3.73172738167077e-18,0.00108913484189957,8.75338134229288e-18,0.0640275810043882,0.0347830068635473,5.44041608691706e-21,0,9.20902184980632e-18,0.00223009293021057,0.000217725742761495,1.15234639200557e-18,6.97947719276195e-18,2.12152262224827e-19,0.0140554878041221,1.14695502470459e-18,0.0020323709402475,0.00776204162262334,0.00574868429581326,4.80728069868045e-18,3.48423370353819e-19,1.69976888366104e-18,0,0.0143815537417455,0.0215431034238942
"Monocyte",0,3.56688757048162e-21,1.27311017039685e-17,0.00210192729395935,0.0182074080699712,0.00657366777569027,0,0.00645299539205685,5.0099997281315e-18,0.00756942515673792,0,0.023543613630736,0.00859632839415381,0,1.6421762315008e-17,0.00215606390384249,3.35917078183766e-18,3.01114681349801e-18,0,1.64976936267861e-18,7.6038538372916e-19,0,0.0481672892044111,8.2303020954755e-18,0,0,0.00647302117503772,1.96998865826813e-20,1.8618109139084e-18,1.1265482943522e-17,0,1.18424443588219e-17,1.31447943644964e-18,0.000356709517277899,0.0708394780718686,0,0.0100174697696073,0.0154712609703201,0.0102193883064288,7.68701428855078e-19,1.88704657394772e-18,0,3.34161783811829e-18,9.8755246804166e-19,0.00036545794212394,0,4.32043197381677e-18,7.64236452994833e-18,0.00505557595897982,3.4546704129828e-20,0.0738377698559155,0,0,0.00308100704445926,0,0.0114020013895802,0.00600759184327165,8.75472598532015e-19,0.00157918917618122,5.91935274521044e-18,0,0,0.00219436225388234,6.37614086465483e-18,4.03030843568608e-18,0.0071161504528906,0.00923310450098317,0.0207667941903812,0,2.05296753805425e-18,0.0166582228890011,0.0104546312514458,0,0.0108072194927512,1.6087285824238e-18,0,0.0298495346719773,0,0.00101888248760947,0.0280496323547944,0,0.00588058605004644,0.00860421167664439,8.58520203828522e-19,0.0109145229376667,8.33874232376902e-19
"B cell naive",7.90273135233265e-19,3.35090116303286e-19,2.80554337061406e-18,0.00730392629017071,8.21051432943945e-20,0.00167466910888797,0,2.49579607630885e-18,0,9.17867866046e-19,0.00062328021259433,8.3821398031423e-19,5.11969127251616e-19,6.69201298018664e-19,0,0,0,0.00281468634717868,0,6.11075969431826e-18,0.0114459262545427,6.71486138183292e-19,0.0131215108754811,0.0224014484556345,4.98172248676008e-18,2.42771375038924e-18,0,0.0266457284624953,0,0.0236805826622307,2.00516592768981e-19,0,0.015814140744412,0.00420852150807155,0.00840427407457332,6.67873955779115e-20,0,0.0474873989756279,0,0.000563819353577631,0,0,0,0.00385100137074551,0.0044098847191225,0.0486873064356657,0,0,0.000525115144581928,0,4.7411447298835e-18,0,0,0.00739084346067492,0.00908850773121483,6.58372163215094e-19,0,1.87706151590909e-21,0.000205760626894981,3.67763227485676e-19,0.00548684910033704,1.65786905918789e-18,2.2192744863587e-18,0,0.00915904608372616,0.0351397731370807,1.00904909176008e-18,0.0026388267150467,7.57913966853956e-19,0,0.00360440637953032,0,2.80937770747144e-20,0,0,0.00619616806754148,0,0,0.0123164609368139,0.0018408466542501,0,0,0,9.48807882280584e-19,7.14345185130964e-19,0.00199909315779446
"Neutrophil",0,0,0,1.26524475797078e-19,0,0,1.72537566254338e-19,0,0.000622487819565832,0.000216189033132818,0,0,0,0,5.49524975702244e-19,0,0,0,1.92614102918142e-18,1.02191973215923e-19,0.000704361454009988,0.000212691783555553,0,5.4961106107965e-19,3.30894912407382e-19,3.90839523910745e-19,1.9777596379856e-19,0,2.40690743359993e-18,1.69888100122264e-18,0,0,0,0,7.75146436346414e-19,7.36437110699825e-19,0.000541078216514027,0,0.00240540467569501,1.01424147551371e-19,5.26249253609636e-19,0,2.25802229558541e-19,3.69888359269028e-20,0,3.52827067716801e-19,3.08905197463341e-21,0,0,0.0035412052534707,0.00139419158811577,0,1.43768492890979e-22,0.000126030136113178,0,2.32052597778942e-19,0.00219470846229327,0,0,2.02644393114276e-20,0,2.23381919737793e-20,0,2.40204127158378e-19,3.08265072257788e-22,0,9.47892172368305e-19,2.60297460643434e-19,0,0,4.33862103867026e-19,1.24640772982044e-18,0.0012589434749722,0,0,1.38024370374358e-19,6.28582667321801e-21,0.00187921375769729,6.89114805552864e-19,0,1.5005458658872e-19,0.000544457344038839,0,0,0,1.10279293315088e-18
"NK cell",0,0,4.58353812199411e-17,0,0,2.64745188145663e-17,1.80118099979723e-18,4.72818921854023e-19,0,8.03731685823238e-18,1.29447778965227e-18,3.4195343482021e-19,0,1.49521287604345e-18,1.00182728748938e-17,3.72616722198948e-18,0,2.47522508305058e-19,1.188934178021e-19,1.08338003594984e-18,0,5.68778874260592e-19,1.05916891029494e-19,2.07279664093081e-17,0,2.00619605352821e-17,2.42526785256337e-18,1.12075883629949e-17,3.83829892910671e-17,0,1.97750322607328e-17,4.87776732210947e-17,1.2697437542152e-17,1.63562557382255e-17,0.00403669998960866,5.22539618599178e-19,1.10736880655685e-19,0.0167699500567248,3.88394524096588e-18,1.02136847162094e-17,0,3.54728353320227e-18,1.24692942751449e-17,0,8.0375481479889e-20,1.16454929686993e-18,1.58495605310712e-17,3.01865923172658e-17,1.89523800344161e-17,9.75967956105278e-19,0,0,0,4.65702510752866e-19,2.938812962726e-17,5.58130445363107e-18,2.0919249665976e-18,0,9.14189618735697e-18,2.57491276250854e-17,7.10631690717476e-18,0,0,0,1.7497505167703e-17,6.26195550971889e-18,0,1.87338294243944e-18,9.86135423657715e-19,0,2.14077723299558e-18,0,0,9.64430674334258e-18,1.1145352478622e-17,1.22686138466409e-18,7.14954658848705e-19,2.15261947538332e-17,5.33971313327612e-17,9.03773179900147e-18,0,0,5.88992267473275e-19,0,0,5.14818987075842e-18
"T cell NK",0.0881310933242854,0.0689171088812315,0.0639629381530205,0.245804980826618,0.00982454217535217,0.107699082658731,0.0932803675087862,0.108667824156079,0.0230236019161554,0.00310591611446809,0.123546399263183,0,0.0717922764403506,0.341026038913297,0.0927082775474936,0.145260938731135,0.0236226852007226,0.000938056450738156,0.0774449295826309,0,0.0694434460779973,0.111497529521507,0.0730372154999008,0.0243311340696475,0.0776501356367239,0.111581825967607,0.0536178403539695,0.198821427200744,0.0798271952788881,0.0179116803513328,0.153054386465567,0.00305450311967464,0.102226751250771,0.0372533256767728,0.191980923055253,0.182182800249814,0.0952374286093352,0.0757003910650357,0.0513640560861288,0.00640186435790263,0.116589661301787,0.124510093861823,0.111869615545373,0.0374744074923852,0.0897637434791923,0.127125108318859,0.0795558555769318,0.0488934825525275,0.0148601512290689,0.0459623579189479,0.0915699612078007,0.0199698943459921,0.178527695226761,0.0466466349274924,0.0466531359206992,0.0522187459294781,0.0762227900825491,0.0634464093510946,0.0662295446550764,0.0384295185690704,0.0982105720392132,0.193807983688678,0.0356075707897955,0.0877875073362316,0,0.121409732768987,0.00918680758187626,0.111037340222755,0.0862780059722438,0.0431619775341043,0.112117769839255,6.2077317829737e-19,0.0541683869186304,0.0289360089827469,0.0391253720564828,0.0769159901696134,0.0135584950584908,0.189632015174858,0.162786136733501,0.0148922360145244,0.0769119620224314,0.108482916904568,0.0755671991544613,0.172942857434011,0.0741193579831874,0
"Plasmacytoid dendritic cell",4.82422310813308e-19,0,0.000995157467066176,0.0256867467551579,0.02816653019456,0.00114151886082242,0,0.00789687535407455,0.00657233717789698,5.71106748933587e-22,0,0,9.27566344655189e-20,4.32883125813158e-19,0.0131484333233713,0.00620183182211165,0.000191690704013396,0.00180721259038978,2.01247065628492e-18,0.0324996588198434,0.0199755072982205,0,0.104346422485611,8.57481983341529e-19,0,0,0.0132828687586082,0.146768439813446,3.97115739783721e-18,0.0341853839319359,0.0182818191829169,3.32551534009372e-20,0.00651805759440016,0.0381779391755292,0.0757180820716643,2.32955281351464e-18,0,0.0916984398727487,0,0.0199079707044665,0,0,0,0.00257062395749403,1.84438765768837e-18,1.07597174089791e-18,0,0,0.0022001623317053,0.020193708851322,0.000282975487726837,0,0,7.72347144678176e-20,0,0.0126362132399093,0.0234512159618326,3.32598793657384e-18,0,0,0.0128776649999211,0.00199033121904824,4.36123759406703e-21,1.16282029251564e-18,0.0589597703447039,0.0194343166204999,0.0472878355458507,0.00329096621312609,0,2.28633711785485e-19,0.0177128159996278,0.0160323404236479,0,3.4097057387204e-18,0.0203652380256548,0.00907470831270054,2.77273953968631e-20,0.00446407905588794,0.0270515526927948,0.00454265961278427,4.41646658359571e-19,0.00527536472387216,0.00356346766079137,0.0134391677480441,0.00115093211878965,0.0414076259444175
"B cell plasma",0.00367443130657199,0.00480033878852504,0.0212893413643951,0.00502807899561676,0.0202671789472379,0.00822868562918898,0.00186318505182817,0.0128781521881989,0.0208163349722211,0.0146901888828515,4.71556619645072e-20,0.00497065186244218,0,0,0.00491686073206378,0.0118309617102706,0.00042186065675097,2.85405529967876e-19,0.00131578570631702,0.0819973397748551,0.000942164629359481,0,0.0327364908403094,0.000384485474747205,0.00682515147794719,0.0103698745732689,0,0.00196262631209428,0.00358059438933132,0.033208537078396,0.0031079944474153,0.00900285029285222,0.000954064366939691,0.00145321090791729,0.00346566996120803,0.00712258933129778,0.00612574033501888,0.0415331201852323,0.012075707850644,0.00427663960340172,1.01704246259149e-18,9.56915649028192e-19,0.000889891498893988,2.43181567826431e-20,0.0212689059606623,0.0290739515396812,0.00886759679072604,0.00715277559151717,0.00291915393014736,2.25863156503622e-20,0.106147184706427,0.00587891034078499,0.00309740540905203,0.00713725343023314,0.0101039380900732,0.0145370686971714,0.0270275058288015,0.00525001668801162,0.0203432450508535,0,0.00793180093954267,0.0223826388780052,0.0172416609555463,0.0129035169041405,0.0334228879712844,0.0448350690590684,0.0382861748866086,0.023180146877849,0.0107820009430236,7.02580470708417e-20,0.00527096413691327,0.00234549982553049,0.00421028942231711,0.00164912075288826,0,0.00599724439885631,0.000782303495944746,0.0028902567057395,0.0106620262861098,0.00729608815554421,0.00126451335450909,0.0231842460428838,0,0.00523766345348698,0.00376678970793878,0.0403014859673674
"T cell gamma delta",0,5.35066269949732e-18,0,0,1.81676847687963e-17,0,0,6.32576695529753e-18,0,1.00730218527611e-17,0,5.01952562854189e-18,0,0,3.74715789697382e-19,0,0,0,4.34006950474369e-18,1.01161699467163e-18,1.53987340371579e-18,1.34720393176193e-17,3.31847893639025e-18,0,0,0,7.08581020996565e-18,0,1.1820116320107e-18,2.2052174757902e-19,5.95574747759957e-18,9.29544277252906e-18,0,0,5.43619087041301e-18,0,0,0.0268520640446221,0,6.66640420714598e-19,8.19996842215426e-18,4.07968884820911e-17,8.32439546045047e-18,5.64796141544419e-18,0,0,0,1.57790794057213e-18,8.13138586594708e-20,0,6.38342338015861e-18,0,1.27926346094325e-17,0,0.00107274640997596,0,0.00370979317165871,0,0,0,1.36889936609796e-17,0,0,0,5.63945946055941e-18,5.76263104264462e-18,1.23683025771263e-17,1.33984633015617e-18,1.51067156258272e-18,3.46749158132429e-18,2.28499921930872e-19,0,0,0,0,3.34049278008839e-18,0,1.07177067540987e-17,0,7.8358351865078e-19,0,0,2.24465969673009e-18,0,1.80654979328614e-19,8.47028598146095e-18
"T cell CD4+ Th1",0.0473982429796807,0,0.0900398415705847,0.130169425955357,0.157714033902601,0.0765299281949276,0.0426182943275635,0.090368457642024,0.030878075179647,0.0587558722607721,0.042783897217897,0.0286321751922882,0.0459749061089148,0.0238189978590675,0.0692134124566404,0.0559666283276456,0.0438769215290181,0.00139772936057168,0.0873681330211224,0.119164033594216,3.23000652170829e-18,0.0212450693730978,0.0479026670104991,0.0877981274910466,0.057803684645034,0.043697166066528,0.00641953413859129,0.0324137644956869,0.0752117547636887,0.0294282629673726,0.0224233711665214,0,0.038628031472311,0.192509133378241,0.123131484667614,0.0541415585757445,0.073254373219223,0.0915305090980851,0.0176078789489974,0.0333540611647701,0.033063840354595,0.0234847738310247,0.0415737872630401,0.0558445650522697,0.0859539735511541,3.87236384862369e-18,0.0668431697334181,0.0835223037197774,3.30061439419474e-18,0.095513634852374,0.0254214343765907,0.0664342597282918,0.076259145493337,0.0126221915189184,0.0273061042821705,0.0194381904757826,0.0220238762945686,0.0531650203187585,2.26925825527553e-17,0.0369555500562274,0.0309369363305881,0.0302864595144899,0.0189234201483862,0.114209595527923,3.26855549525526e-18,0.0160557968472228,0.0206214511267603,0.0261183748173137,0.0687547057216425,0.0131245827207979,0.0589664291356579,0.0199048927250015,0.0147174502471855,0.0056686549018004,0.110277829017391,0.00454952137944835,0.0247078279577619,0.073428054737027,0.0666773217550859,0.0989722282554115,0.0542800891193535,0.0264652395394595,0,0.0565621430300935,0.00379087838264036,0.02093910492417
"T cell CD4+ Th2",0.0941070182122231,0.219789126364726,0.0793332548970525,0.157025469547761,0.122092663063079,0.042789118204865,0.116186464779316,0.118584045522918,0.062371526869658,0.102345630103633,0.0440250382120219,0.121402847206337,0.197079847112901,0.133354843278763,0.106843837678952,1.79695758047471e-19,0,0.0836101514690663,0.101500818646953,0.178945552484732,0.186430704346915,0.02626703112794,0.0445197052191066,0.0962235519386288,0.0627943448645576,0.0525106705382755,0.0648867802601777,0.109685154591241,0.0486393463577422,0.0856197932851285,0.0503699028006279,0.145902738058838,0.0271163573711626,0.159498189499114,0.0987729587792058,0.0809568056388725,0.122921472649366,0.0839847182480851,0.133270813481225,0.102230559454918,5.67358794500839e-18,0.0424995276906085,0.0472393037924807,0.025771937821338,0.104577495492264,0.0973523231013165,0.157550589879202,0.080270771025782,0.163028976680552,0.134696884337266,0.0792605184794368,0.0740999062047991,4.16879752510741e-20,0,0.0514529573873385,0.243517782762425,0.0732525756834197,0,0.144378455027509,0,2.98180383834125e-18,0.282790612302398,0.111960046859731,0.0663977754674024,0.187777976891209,0.140265775153725,0.155846063167188,0.0364398045464021,0.0497000482037385,1.62241561924545e-20,0.197484575175365,0.0918237465231876,0.193979303859084,0.0103390490307795,9.47629696992577e-19,0.04191537131304,0.00737289638893259,0.0192217603351445,0.0916844306331409,0.0113953338734179,0.103616752094452,0.178412820526732,0.0684625123589299,0.244412963883486,0.0739528361607938,0.0846585850745671
"T cell regulatory (Tregs)",0,0,0,0,2.2657450394489e-20,0.00270353347926239,4.111005106178e-18,0.0232713244083815,0.00176298435142952,0.000702259201004051,0.000759154860366353,0,1.56351953982031e-18,0,0.0343372401695517,7.06579844989745e-19,0.000210659394939736,5.58649626102572e-18,2.57030456113809e-18,0.0393811752052505,2.55024523957184e-20,0.000513411541455237,8.03438574397382e-18,0,0,1.06038443826684e-18,2.34310593594723e-18,0.0105868683413699,0,0,0,3.48254380517968e-18,0.0173471711544708,0.00476414015187546,6.62019177883866e-20,3.6286038531233e-18,0,0,0,6.8941341514356e-19,0,0,0.0154209396745033,0.0166636502938664,2.07013052625362e-18,0,0.000684576405719527,0,0.0188804007288892,0,7.4294239108602e-18,4.88566694557749e-19,1.11964810462736e-18,0,5.42764806663334e-20,2.38791205582704e-19,0,2.70428205665226e-18,0.0616916389459095,0.00600108819741231,0,0,0.0147890566372667,0,0.0325748166870097,0.00320253443580951,0.0124703606999304,1.56800257336393e-19,1.13322355275097e-17,0.00801322436130446,0,0,0.000829461678003867,0.021109212596516,0.0142094795774372,0.00171118516426852,0.027270683215504,0,1.55985867936722e-18,0,7.33982217096298e-19,0,1.93359936864414e-18,0,0.0110588672748297,0
"immune score",0.000144367593393147,0.0132182913362712,0.0428558428388206,0.0569700261441674,0.13327307610189,0.066999006772632,0.042749002853441,0.0675230831503364,0.0394881397210232,0.147504059436953,0.10184699642729,0.0442698675174906,0.0454664250259604,0.0192506785989763,0.0171999352164811,0.0588744306129814,0.0371977059054725,0.0169842826567546,0.000846467721492029,0.146759289982124,0.045109983774746,0.0149577055321124,0.331947377164148,0.0233905681100559,0.0278208015580173,0.00263338131603051,0.0758577467184621,0.141860728495861,0.0403657281282573,0.187575820358755,0.0448943021654649,0.00921144212687907,0.0823770264302061,0.106678259869643,0.19172680472068,0.00512571923355165,0.132221719043588,0.527855744380148,0.0263286296605288,0.0361091895416094,0.000298546876233076,0.0149856018353102,0.0551110265677178,0.0361911039536657,0.0649884386465881,0.210744260653755,0.0129998693398074,0.0206126091644959,0.0472621846798223,0.00402415957129853,0.226041041119077,0.025278205684536,0.0121665664400711,0.0679658589101257,0.0745256618099766,0.0714530877154171,0.0426433277516938,4.19087388910443e-18,0.0967498115100161,0.00732984774940926,0.0384847238282167,1.21179858075956e-18,0.0764541700128487,0.0172903628910999,0.0416749420415208,0.167532801837316,0.159796778733636,0.0764617693283358,0.00262741149532298,0.00668664479628448,0.109638891683917,0.0555874664516137,0.00258438134228956,0.0238733503732396,0.0190106207634494,0.0388458457344876,0.0607259673610666,0.0132167150708166,0.0782697618282095,0.06866139639107,0.0062830706166176,0.0189069145312181,0.0141658304829518,0.0152445903348721,0.0472322496804095,0.137732321033517
"stroma score",0.045812577729554,0.0339852466924956,0.0902378234119959,1.5673533104026e-19,0.0705728243482576,0.0459565819951427,0.0233408266485108,0.0245917842299632,0.0155249620800919,0.075857790341124,0.029071986964968,0.204118417798306,0.0259550494202552,0.0858463873679812,0,0.0746668635816545,0.0130305194545085,0.059634067421937,0.0207914490685388,0.0399229710680547,0.0479803873428735,0.122255253285158,0.115827934345761,0.00648051668736141,0.101969678409632,0.0225985098419724,0.0542471200254166,0.0111140628088786,0.0749719895587458,0.101795722028573,0.0756727497159545,0.0367575091948507,0.0247806004318776,0.0207314406444554,0.0384804242397564,0.0244841774047409,0.0725649452216326,0.131205149379396,0.0686728545409776,0.0425855772766964,0.281228853560728,0.120106937365074,0.094420952279377,0.0104145927679672,0.0358426393727009,0.119341260574466,0.026106089200926,0.0774094948476864,0.0386577887740227,0.0297878358645444,0.147449481362637,0.0549102778645258,0.047254000111002,0.114088958046002,0.113287100005504,0.0754340361343028,0.00971332653355233,0.124985363931095,0.134528354546671,0.129515730596358,0.175694183512001,0.00130945216149989,0.0708279116410356,0.00560343950221019,0.0156574505047097,0.080800380656479,0.0247738735963312,0.0256265412478061,0.00575659367677917,0.142444744527658,0.0372698692258618,0.0337615743136806,0.0508363585404071,0.119998176128403,0.10472437427862,0.0421227537260909,0.0593177137747594,0.0837096569301616,1.8399059746026e-19,0.0773418275806424,0.0349662016823483,0.0689059820677069,0.105301837497814,0.00997546074896525,0.110246649001274,0.16284210080264
"microenvironment score",0.0459569453229472,0.0472035380287668,0.133093666250816,0.0569700261441674,0.203845900450147,0.112955588767775,0.0660898295019518,0.0921148673802996,0.0550131018011151,0.223361849778077,0.130918983392258,0.248388285315797,0.0714214744462156,0.105097065966957,0.0171999352164811,0.133541294194636,0.0502282253599809,0.0766183500786916,0.0216379167900308,0.186682261050179,0.0930903711176195,0.13721295881727,0.447775311509909,0.0298710847974173,0.12979047996765,0.025231891158003,0.130104866743879,0.152974791304739,0.115337717687003,0.289371542387328,0.120567051881419,0.0459689513217297,0.107157626862084,0.127409700514098,0.230207228960436,0.0296098966382925,0.20478666426522,0.659060893759545,0.0950014842015064,0.0786947668183059,0.281527400436961,0.135092539200385,0.149531978847095,0.0466056967216329,0.100831078019289,0.330085521228221,0.0391059585407335,0.0980221040121823,0.085919973453845,0.0338119954358429,0.373490522481714,0.0801884835490618,0.0594205665510731,0.182054816956127,0.187812761815481,0.14688712384972,0.0523566542852462,0.124985363931095,0.231278166056687,0.136845578345768,0.214178907340218,0.00130945216149989,0.147282081653884,0.0228938023933101,0.0573323925462304,0.248333182493795,0.184570652329967,0.102088310576142,0.00838400517210215,0.149131389323943,0.146908760909779,0.0893490407652943,0.0534207398826966,0.143871526501643,0.12373499504207,0.0809685994605784,0.120043681135826,0.0969263720009782,0.0782697618282095,0.146003223971712,0.0412492722989659,0.087812896598925,0.119467667980766,0.0252200510838374,0.157478898681683,0.300574421836156
